hexID,t.count,t.pos,t.neg,t.neu,i.count,i.pos,i.neg,i.neu,t.norm,i.norm,odds
1,1,0,0,0,11,5.40833333333333,1.056,2.53666666666667,0,0.395666666666667,0
2,1,0,0,0,1,0,0,0,0,0,0
3,1,0,0,0,29,14.9193333333333,4.81702380952381,9.26480952380952,0,0.348355500821018,0
4,1,0,0,0,1,0,0,0,0,0,0
5,1,0,0,0,1,0,0,0,0,0,0
6,1,0,0,0,1,0,0,0,0,0,0
7,1,0,0,0,1,0,0,0,0,0,0
8,1,0,0,0,2,1.44871428571429,0.136,0.415285714285714,0,0.656357142857143,0
9,1,0,0,0,1,0,0,0,0,0,0
10,1,0,0,0,1,0,0,0,0,0,0
11,1,0,0,0,1,0,0,0,0,0,0
12,1,0,0,0,1,0,0,0,0,0,0
13,1,0,0,0,1,0,0,0,0,0,0
14,1,0,0,0,1,0,0,0,0,0,0
15,1,0,0,0,1,0,0,0,0,0,0
16,1,0,0,0,1,0,0,0,0,0,0
17,1,0,0,0,1,0,0,0,0,0,0
18,1,0,0,0,1,0,0,0,0,0,0
19,1,0,0,0,1,0,0,0,0,0,0
20,1,0,0,0,1,0,0,0,0,0,0
21,1,0,0,0,1,0,0,0,0,0,0
22,1,0,0,0,6,3.348,0.535,2.12,0,0.468833333333333,0
23,1,0,0,0,1,0,0,0,0,0,0
24,1,0,0,0,1,0,0,0,0,0,0
25,1,0,0,0,2,1.206,0.296,0.498,0,0.455,0
26,1,0,0,0,1,0,0,0,0,0,0
27,1,0,0,0,1,0,0,0,0,0,0
28,1,0,0,0,1,0,0,0,0,0,0
29,1,0,0,0,1,0,0,0,0,0,0
30,1,0,0,0,1,0,0,0,0,0,0
31,1,0,0,0,1,0,0,0,0,0,0
32,1,0,0,0,1,0,0,0,0,0,0
33,1,0,0,0,1,0,0,0,0,0,0
34,1,0,0,0,1,0,0,0,0,0,0
35,1,0,0,0,1,0,0,0,0,0,0
36,1,0,0,0,1,0,0,0,0,0,0
37,1,0,0,0,1,0,0,0,0,0,0
38,1,0,0,0,1,0,0,0,0,0,0
39,1,0,0,0,5,2.674,0.813,1.513,0,0.3722,0
40,5,2.56933333333333,0.875333333333333,1.554,1,0,0,0,0.3388,0,0
41,1,0.449,0.14,0.411,1,0,0,0,0.309,0,0
42,1,0,0,0,1,0,0,0,0,0,0
43,1,0,0,0,1,0,0,0,0,0,0
44,1,0,0,0,1,0,0,0,0,0,0
45,1,0,0,0,1,0,0,0,0,0,0
46,1,0,0,0,1,0,0,0,0,0,0
47,1,0,0,0,1,0,0,0,0,0,0
48,3,1.5445,0.63,0.8255,1,0,0,0,0.304833333333333,0,0
49,1,0,0,0,1,0.754,0.053,0.193,0,0.701,0
50,2,1.267,0.16,0.574,91,47.9030944444444,12.6814277777778,25.4112,0.5535,0.387051282051282,0.0264492307792225
51,1,0,0,0,1,0,0,0,0,0,0
52,19,10.4523333333333,1.717,5.82925,1,0,0,0,0.459754385964912,0,0
53,20,11.91345,1.92864166666667,6.161025,1,0,0,0,0.499240416666667,0,0
54,1,0,0,0,1,0,0,0,0,0,0
55,1,0,0,0,1,0,0,0,0,0,0
56,1,0,0,0,1,0,0,0,0,0,0
57,2,1.05,0.271,0.679,1,0,0,0,0.3895,0,0
58,1,0,0,0,1,0,0,0,0,0,0
59,1,0.318,0.464,0.219,1,0,0,0,-0.146,0,0
60,1,0,0,0,1,0,0,0,0,0,0
61,1,0,0,0,1,0,0,0,0,0,0
62,1,0,0,0,1,0,0,0,0,0,0
63,1,0,0,0,9,4.62,1.4375,2.9425,0,0.353611111111111,0
64,1,0,0,0,5,0.6945,0.2055,1.1005,0,0.0978,0
65,1,0,0,0,5,3.173,0.437,1.389,0,0.5472,0
66,2,1.1885,0.1905,0.621,1,0,0,0,0.499,0,0
67,1,0,0,0,1,0,0,0,0,0,0
68,1,0,0,0,1,0,0,0,0,0,0
69,18,8.1945,4.21716666666667,5.58666666666667,6,2.989,0.599,1.412,0.220962962962963,0.398333333333333,2.74155235864838
70,1,0,0,0,1,0,0,0,0,0,0
71,1,0,0,0,1,0,0,0,0,0,0
72,1,0,0,0,1,0,0,0,0,0,0
73,1,0,0,0,1,0,0,0,0,0,0
74,1,0,0,0,1,0,0,0,0,0,0
75,1,0,0,0,1,0,0,0,0,0,0
76,47,27.63175,5.42633333333333,13.94325,233,115.786986111111,22.8388194444444,67.3544277777778,0.472455673758865,0.398919170243205,0.23864296781578
77,472,272.189008730159,53.170251984127,142.636627380952,158,85.2169976190476,14.6190833333333,44.1619071428571,0.464022789716169,0.446822242314647,3.1940694501694
78,536,318.210423809524,57.8196928571429,147.999042857143,12,7.41575,1.26744444444444,3.31825,0.485803602523099,0.512358796296296,42.9100797369819
79,3,1.249,0.968,0.784,1,0,0,0,0.0936666666666667,0,0
80,1,0,0,0,1,0,0,0,0,0,0
81,31,17.016,5.13475,8.84616666666667,1,0,0,0,0.383266129032258,0,0
82,18,8.65316666666667,4.025,5.316,1,0,0,0,0.25712037037037,0,0
83,1,0,0,0,1,0,0,0,0,0,0
84,14,7.129,3.178,3.697,1,0,0,0,0.282214285714286,0,0
85,3,1.245,0.944,0.811,1,0,0,0,0.100333333333333,0,0
86,1,0,0,0,1,0,0,0,0,0,0
87,1,0,0,0,1,0,0,0,0,0,0
88,2,0.72,0.062,0.218,1,0,0,0,0.329,0,0
89,1,0,0,0,1,0,0,0,0,0,0
90,1,0,0,0,1,0,0,0,0,0,0
91,2401,1408.79527583185,259.332786909006,704.941259264918,6576,3590.304390204,687.18650652142,1861.47334973605,0.478743227373112,0.441471697640294,0.392388812401447
92,17239,9662.35867433178,2223.52726808053,5088.11406621934,20303,10911.7801642736,2276.27518984837,5761.51455796447,0.431511770186858,0.425331476847031,0.88549792324147
93,74,35.9685166666667,15.9823333333333,21.0529666666667,1,0,0,0,0.270083558558559,0,0
94,45,23.1353333333333,7.74726666666667,13.1155666666667,1,0,0,0,0.341957037037037,0,0
95,2,0.939,0.539,0.522,1,0,0,0,0.2,0,0
96,2,0.835,0.701,0.463,1,0,0,0,0.0669999999999999,0,0
97,1,0,0,0,1,0,0,0,0,0,0
98,1,0,0,0,1,0,0,0,0,0,0
99,1,0,0,0,1,0,0,0,0,0,0
100,1,0.612,0.141,0.247,1,0,0,0,0.471,0,0
101,2,1.3175,0.1395,0.5435,1,0,0,0,0.589,0,0
102,4,2.1025,0.5305,1.3665,1,0,0,0,0.393,0,0
103,1,0,0,0,1,0,0,0,0,0,0
104,1,0.408666666666667,0.317666666666667,0.274,1,0,0,0,0.091,0,0
105,1,0,0,0,1,0,0,0,0,0,0
106,1,0,0,0,1,0,0,0,0,0,0
107,1,0.444,0.112,0.444,1,0,0,0,0.332,0,0
108,2,0.832,0.357,0.811,1,0,0,0,0.2375,0,0
109,175,100.827166666667,24.0375833333333,49.1549166666667,633,359.456038095238,69.6851212121212,169.889666883117,0.438797619047619,0.45777396032088,0.280499298887706
110,5068,2782.8023968365,780.215409527972,1401.24735135836,14729,8059.68327490179,1673.42776606553,4004.18970988646,0.395143446588107,0.433583780897295,0.345274411154874
111,1196,663.493468328893,169.988828876679,345.577525091575,2301,1291.2199047619,249.513803174603,623.396001190476,0.412629297200848,0.452718862054455,0.513850093142143
112,3,1.64633333333333,0.328,1.02433333333333,1,0,0,0,0.439444444444444,0,0
113,4,2.07933333333333,0.620333333333333,1.30133333333333,1,0,0,0,0.36475,0,0
114,103,57.4661611111111,15.1091666666667,26.4294222222222,62,32.46955,7.37028333333333,16.1632666666667,0.411232955771305,0.40482688172043,1.76984778388093
115,1,0,0,0,1,0,0,0,0,0,0
116,12,6.1965,1.9605,3.843,56,26.7253333333333,6.58633333333333,14.6864166666667,0.353,0.359625,0.231858660945919
117,3,1.7695,0.433,0.7985,4,0.984,0.5355,0.4805,0.4455,0.112125,1.79827235772358
118,1,0,0,0,1,0,0,0,0,0,0
119,1,0,0,0,1,0,0,0,0,0,0
120,7,2.978,2.23,1.79,1,0,0,0,0.106857142857143,0,0
121,4,1.825,1.003,1.172,1,0,0,0,0.2055,0,0
122,1,0,0,0,1,0,0,0,0,0,0
123,1,0.657,0.094,0.249,1,0,0,0,0.563,0,0
124,24,11.8295,5.09591666666667,7.07708333333333,1,0,0,0,0.280565972222222,0,0
125,11,4.175,3.28725,2.5375,1,0,0,0,0.0807045454545455,0,0
126,4,1.829,0.557166666666667,1.6155,1,0,0,0,0.317958333333333,0,0
127,1,0,0,0,1,0,0,0,0,0,0
128,2,1.061,0.382,0.557,1,0,0,0,0.3395,0,0
129,4,2.054,0.791,1.153,4,2.6095,0.4855,0.9035,0.31575,0.531,0.787123970109216
130,1,0,0,0,1,0,0,0,0,0,0
131,167,94.2475166666667,22.9171,46.8354666666667,1,0,0,0,0.427128243512974,0,0
132,557,311.370694047619,86.8707071428571,153.779922619048,353,186.485873809524,38.5406880952381,104.979861904762,0.403052041121655,0.419108174828005,1.66967442459289
133,2125,1149.90265772006,376.870527164502,589.456892929293,1332,717.410992532468,144.865993506494,385.771555519481,0.363779826143791,0.429838587857338,1.60285062494079
134,1252,650.690916115288,243.94361572264,337.410368479532,2361,1268.75960257243,262.890473948274,651.426306812632,0.324878035457387,0.426035209074186,0.512855953796136
135,799,417.618016666667,141.411888095238,224.004595238095,410,214.343130952381,53.752069047619,113.910561904762,0.345689772930449,0.391685516840883,1.94836202499741
136,2156,1212.68592430508,295.791328615098,612.621793170426,44,22.0291666666667,4.3473,13.6277833333333,0.425275786498137,0.401860606060606,55.049105699493
137,185,96.5504333333333,29.6429785714286,52.8156714285714,130,62.5891666666667,16.1939166666667,38.2205416666667,0.361661917631918,0.356886538461539,1.54260614856139
138,152,81.2591333333333,23.3960666666667,41.3504333333333,159,71.5226666666667,15.7948888888889,41.6865277777778,0.380678070175439,0.350489168413697,1.1361312031617
139,1,0,0,0,1,0,0,0,0,0,0
140,4,2.19483333333333,0.625333333333333,1.18016666666667,12,6.21356818181818,2.14198636363636,3.64386212121212,0.392375,0.339298484848485,0.353232356853465
141,16,8.4385,3.32075,4.24225,17,10.1496666666667,1.45353333333333,4.39613333333333,0.319859375,0.511537254901961,0.83140661433873
142,1,0,0,0,1,0,0,0,0,0,0
143,1,0,0,0,1,0,0,0,0,0,0
144,5,2.41425,1.36375,1.223,1,0,0,0,0.2101,0,0
145,1,0,0,0,1,0,0,0,0,0,0
146,1,0.395307692307692,0.0367692307692308,0.567923076923077,1,0,0,0,0.358538461538461,0,0
147,1,0.165,0.553,0.282,1,0,0,0,-0.388,0,0
148,5,2.558,0.8705,1.57,1,0,0,0,0.3375,0,0
149,3,1.287,0.1485,0.5645,1,0,0,0,0.3795,0,0
150,8,4.398,1.365,2.238,30,17.1600833333333,3.5295,9.31075,0.379125,0.454352777777778,0.256292461672195
151,4,1.85,1.151,0.998,42,18.1816071428571,7.23529285714286,12.581580952381,0.17475,0.260626530612245,0.101751181040494
152,43,22.693,8.2785,12.02775,41,22.8995,4.4555,11.65,0.335220930232558,0.449853658536585,0.990982335858862
153,513,268.75169874374,90.7769328792123,147.463527533741,52,30.153980952381,6.67595119047619,14.1586571428571,0.346929368156974,0.451500572344322,8.91264404418612
154,121,62.9167136363636,21.9572810606061,35.1307893939394,202,107.155966666667,18.965725,63.8777511904762,0.338507707237666,0.436585354785479,0.587150819441353
155,1070,563.42123982684,193.647825757576,306.955435606061,4670,2512.38213093157,484.626949041237,1316.95011942641,0.345582629971275,0.434208818391934,0.224257780251736
156,2056,1080.07700499745,406.543952873597,555.412592953125,2834,1540.1507954305,312.661247847523,790.28788534151,0.327593896947401,0.433129692160541,0.701280035826333
157,2570,1368.63203073396,476.846823950392,708.708945501501,5624,3010.2061518759,620.037458621934,1608.8881762987,0.34699813493524,0.424994433366637,0.454663887349062
158,6086,3230.45145916583,1019.55580883283,1711.38615569153,5980,3116.56134667579,658.48158884049,1657.21813272561,0.363275657300854,0.411050126728311,1.03654351697955
159,8765,4853.17457588792,1207.80648378933,2532.44306989624,13231,6805.59338440726,1305.84149264347,3712.87613066101,0.41590052391313,0.415671671964613,0.713115565647419
160,14541,8276.38608552778,1604.9154334872,4430.67020847815,9057,4829.28002886533,877.268758048977,2733.84419826522,0.458804116088342,0.436348820891725,1.71379295382719
161,973,558.149824206349,104.67558452381,297.243448015873,402,216.393887301587,38.34965,126.280353968254,0.46605780029038,0.442896112690516,2.579323432683
162,1,0.616,0.135166666666667,0.249,1,0,0,0,0.480833333333333,0,0
163,4,2.40566666666667,0.588333333333333,1.006,22,11.0769166666667,4.05558333333333,5.86858333333333,0.454333333333333,0.319151515151515,0.217178366422666
164,12,6.2877,2.25996666666667,3.45641666666667,45,25.9344,5.39525,11.67255,0.335644444444444,0.456425555555556,0.242446326115121
165,1,0,0,0,19,9.40398095238095,2.16137619047619,5.43390476190476,0,0.381189724310777,0
166,1,0,0,0,2,0.888,0.567,0.544,0,0.1605,0
167,6,2.58133333333333,1.919,1.502,1,0,0,0,0.110388888888889,0,0
168,31,18.478,3.98285714285714,8.54414285714286,1,0,0,0,0.467585253456221,0,0
169,1,0,0,0,1,0,0,0,0,0,0
170,1,0.78,0.041,0.18,1,0,0,0,0.739,0,0
171,1,0.351,0.431,0.219,1,0,0,0,-0.08,0,0
172,1,0.351,0.431,0.219,1,0,0,0,-0.08,0,0
173,1,0,0,0,1,0,0,0,0,0,0
174,1,0,0,0,1,0,0,0,0,0,0
175,23,12.3963333333333,3.098,6.50466666666667,72,34.93375,8.9574,19.1111,0.404275362318841,0.360782638888889,0.354852637730943
176,273,149.615988888889,42.79005,77.6160166666667,2304,1264.28288850108,246.058955131674,635.748569480519,0.391303805453805,0.441937471080472,0.118340594695758
177,881,468.312001515152,168.116732467532,235.645052597403,2557,1356.50506028694,336.391561111111,692.172621062271,0.340743778714664,0.398949354390232,0.34523424587601
178,226,122.383348015873,36.1938738095238,65.4363051587302,1126,574.957207142857,125.828351190476,325.222628571429,0.38136935489535,0.398871097648651,0.212856446524141
179,2021,1054.56987196137,393.299769344544,550.16004021534,4199,2246.09809695721,474.873566752692,1203.1082043956,0.327199457009811,0.421820559705768,0.469511938677121
180,2512,1299.14015189448,539.029240300641,666.067768374862,3112,1671.12539473304,345.585484307359,902.40616017316,0.302591923405191,0.425944701293601,0.777404350379114
181,2182,1118.45707635004,475.756168256743,576.885319767732,2398,1277.57498720238,267.058678571429,688.438099305556,0.294546703984095,0.421399628286469,0.875453173045618
182,4449,2548.80383881338,607.311377499839,1232.16903287546,9473,5200.10970407078,1034.13947994798,2645.77478531556,0.43638850557733,0.439773062823056,0.490144243845108
183,8057,4584.08563213765,1038.63258378662,2289.81232506829,7179,3732.87776009269,702.994782395382,1976.41519470529,0.440046301148198,0.42204805372577,1.22802993474499
184,19388,10873.224819237,2396.79302186125,5673.87711971855,16670,8830.53303230699,1659.77270041568,4676.10620030675,0.437199907023713,0.430159587995879,1.23132145924337
185,1661,889.917482950383,207.225108483183,546.99780501998,1042,528.287872619048,109.145376587302,330.590865079365,0.411012868432992,0.402248076805898,1.68453134942984
186,67,36.6706380952381,11.6687476190476,18.6586428571429,1,0,0,0,0.373162544420753,0,0
187,30,15.7972083333333,4.56305833333333,9.64293333333333,309,177.163051190476,29.1570543650794,93.7009857142857,0.374471666666667,0.47898380849643,0.0891676239892088
188,13,7.42016666666667,1.8405,3.74016666666667,111,63.9991333333333,13.4156333333333,32.5889666666667,0.429205128205128,0.455707207207207,0.115941674210172
189,6,1.9895,1.936,2.073,28,14.8853333333333,2.5785,7.54056666666667,0.00891666666666665,0.439529761904762,0.133655051952705
190,17,8.729,4.146,4.126,67,35.5018333333333,9.74441666666667,17.7589166666667,0.269588235294118,0.384439054726368,0.245874626193014
191,7,3.754,1.393,1.853,20,8.88658333333333,3.4015,6.70808333333333,0.337285714285714,0.274254166666667,0.422434568966326
192,29,16.061,5.52311111111111,7.41866666666667,32,17.8658333333333,3.903,8.23383333333333,0.363375478927203,0.436338541666667,0.898978497131396
193,19,9.4382,4.9143,4.6485,34,17.2160158730159,5.36670634920635,8.42156349206349,0.2381,0.348509103641457,0.548222078186701
194,28,15.0961666666667,5.87433333333333,7.03458333333333,1,0,0,0,0.32935119047619,0,0
195,7,2.7395,1.4245,1.836,1,0,0,0,0.187857142857143,0,0
196,17,8.6165,2.84,5.5465,13,6.2695,3.295,3.4345,0.339794117647059,0.228807692307692,1.37435202169232
197,1,0.7688,0.0392,0.1924,1,0,0,0,0.7296,0,0
198,1,0,0,0,6,2.388,1.6575,1.9525,0,0.12175,0
199,6,3.69916666666667,0.568666666666667,1.73166666666667,1,0,0,0,0.52175,0,0
200,4,2.3775,0.560166666666667,1.06383333333333,1,0,0,0,0.454333333333333,0,0
201,24,13.5346666666667,3.7675,6.7035,1,0,0,0,0.406965277777778,0,0
202,1786,932.025301487402,346.151581576757,488.862708630259,54,31.3613333333333,6.40883333333333,15.22925,0.328036797262399,0.462083333333333,29.7189310027444
203,929,509.481439285714,119.691644047619,276.819116666667,912,456.715377380952,103.515676190476,257.81134047619,0.419579973345635,0.387280374112364,1.11553379745467
204,1555,838.10383961039,272.486651731602,438.463984632035,1992,1113.82396839827,203.427934704185,564.787228571429,0.363740956835233,0.457026121332371,0.752456279797626
205,1393,745.530972172637,257.783985755838,378.747701127016,1957,1050.26520755911,219.066242057942,556.732286174936,0.350141411641636,0.424731203628598,0.70985020431678
206,1647,897.919334311603,305.611600078516,439.504069472031,4917,2656.89972763348,476.81967665733,1329.32366500934,0.359628253936301,0.443376052669544,0.337957554428066
207,374,205.019083333333,49.3442861111111,112.649463888889,1204,653.541696746032,123.847622142857,335.632262063492,0.41624277332145,0.439945244687022,0.313704671567428
208,5661,3153.50139082352,788.338462343535,1630.39184638578,15480,8447.11757256585,1690.2301469166,4250.84839839036,0.417799492753927,0.436491435765455,0.373322777116932
209,18162,10207.3626611812,2511.29616563872,5135.23916035268,29508,15885.7477228279,3332.6382834218,8014.26639825949,0.423745539893322,0.425413767093876,0.642548455337308
210,15854,8719.64461959201,2312.02480068371,4567.10163942569,8527,4412.6054211533,937.65070641567,2372.91913101795,0.404164237347565,0.407523714640276,1.97607621515204
211,10773,6033.35229612538,1476.59016751495,3114.50225851478,9498,4955.81576687494,995.351237667888,2606.89530507402,0.422979868988252,0.416978788082444,1.21742868983403
212,3799,2174.71425767196,480.612797751323,1083.85998624339,2023,1053.46781031746,203.225300595238,566.360956547619,0.445933524590849,0.420287943510738,2.06433859333264
213,901,479.618964502164,137.695435714286,247.716083549784,1262,662.690525840826,134.640418770119,346.710646201021,0.37949337268355,0.418423222718468,0.723745014905141
214,273,152.017442857143,40.585469047619,75.4035404761905,1245,703.974067424242,131.287871861472,347.784748809524,0.408175728240014,0.459988912098611,0.215941822137507
215,2509,1363.81583975746,364.971855117105,704.335796664447,12042,6574.95305559718,1308.87239609002,3355.3722541181,0.398104417951518,0.437309471807603,0.207425943307149
216,1734,972.647334488877,289.147756393933,462.223194540753,765,405.404332215007,88.3318805916306,222.268626082251,0.394175073872517,0.414473792971734,2.39920310958352
217,576,331.05570952381,66.966219047619,173.99244047619,1,0,0,0,0.458488698743386,0,0
218,104,61.0037833333333,11.2737833333333,31.7198,1,0,0,0,0.478173076923077,0,0
219,1,0,0,0,1,0,0,0,0,0,0
220,17,9.86958333333333,2.05591666666667,5.07241666666667,172,92.4067226495727,21.7109008547009,51.881057051282,0.459627450980392,0.411022219737627,0.10680590167407
221,16,8.3665,3.9435,3.6895,55,30.0128,7.43125,15.5500333333333,0.2764375,0.410573636363636,0.27876439385862
222,4,1.608,1.444,0.947,88,46.0136083333333,14.2315833333333,25.7577666666667,0.041,0.361159375,0.0349461834931804
223,22,10.9742222222222,4.98244444444444,6.04294444444444,94,52.2248738095238,11.5648261904762,25.2133642857143,0.272353535353535,0.432553698074975,0.210134011280673
224,24,12.1465,4.97866666666667,6.87716666666667,83,42.3633166666667,14.9009166666667,23.7321,0.298659722222222,0.330872289156627,0.286722120828594
225,8,4.84633333333333,0.815166666666667,2.33833333333333,44,22.239,5.49408333333333,12.26575,0.503895833333333,0.380566287878788,0.217920470045116
226,8,3.522,2.114,2.36233333333333,422,233.394875,50.2013154761905,125.370702380952,0.176,0.434107960956895,0.0150903056461715
227,11,6.57266666666667,1.4355,2.9915,57,28.6262,8.03845,13.3339333333333,0.467015151515151,0.361188596491228,0.229603184029549
228,46,22.977,9.261,12.7645,57,29.1379333333333,7.796,17.0682,0.298173913043478,0.374419883040936,0.788559701099826
229,35,20.9076666666667,5.728,8.35996666666667,102,57.4728333333333,12.5514166666667,26.97825,0.433704761904762,0.440406045751634,0.363783468711304
230,13,7.35475,2.2745,3.37275,1,0,0,0,0.390788461538461,0,0
231,28,12.7879285714286,7.20992857142857,7.00364285714286,1,0,0,0,0.199214285714286,0,0
232,1765,944.507461747138,337.743201766903,465.792214428465,1593,875.486342773712,188.127249901165,451.437670828956,0.343775784691351,0.431487189499402,1.07883745936545
233,2123,1098.16449301094,422.656793853953,577.275117361586,3874,2037.37355680651,428.701018911924,1059.04980693821,0.318185444727736,0.41524846099499,0.539009888168106
234,2750,1454.05702647908,454.157182810245,775.944892748918,1462,811.055153435453,174.710304370629,412.304471173271,0.363599943152302,0.435256394709182,1.7927967294456
235,4163,2330.05301040947,632.619458450906,1155.58538121294,7306,4027.76543098013,854.559334536297,2016.78779249778,0.407742866192306,0.434328784073889,0.578497693159472
236,1238,687.866580849852,193.396308532695,347.822390345181,3855,2102.03438791209,439.435406795982,1091.56949169719,0.399410559222259,0.431283782390689,0.327238500381098
237,751,418.346777519118,89.9693020327626,227.695558042104,3422,1818.63083778721,318.426317106505,968.962786713287,0.43725362914295,0.438399918375426,0.230033918278948
238,1578,875.616697922502,215.0212267507,445.456749229692,7422,4098.71573436563,743.58131549839,2050.87828637474,0.418628308727378,0.452052602919327,0.213631965393673
239,5670,3155.8820478355,803.236824708625,1652.96654772866,15840,8576.04155788572,1835.17630189537,4506.54833238667,0.414928610780754,0.425559675251916,0.367988194382482
240,1145,626.590445562771,196.835507683983,313.645461544012,1491,765.516878823954,162.947405511156,398.57581542069,0.375331823474924,0.40413780906291,0.818519438167565
241,5671,3134.29380523088,874.098958441558,1593.85742640693,2963,1564.15756356976,313.48244561419,867.347295963677,0.398553138210073,0.422097576090305,2.00382229912804
242,2409,1264.41099974862,420.978270695073,693.7398741857,1319,621.387558333333,150.990929761905,349.61041468254,0.35011736365859,0.356631257446117,2.03481866154511
243,2698,1429.10604305417,466.147500618826,753.837262193362,2011,1041.013047114,230.462327272727,582.600790981241,0.356915694008652,0.403058537961845,1.37280320070539
244,1483,833.126833044733,232.97602507215,407.960530266955,3889,1995.21923303086,422.172671118845,1003.67743398322,0.404686991215498,0.404486130602215,0.417561548752296
245,1560,829.970904401709,284.995523089133,430.030625781441,5423,2918.16678731546,582.445308610834,1483.54853859751,0.349343193149087,0.430706523825305,0.284415170513688
246,2095,1180.16565343594,339.718172794036,568.067575240609,4309,2345.27194063747,451.524883293014,1233.2818862066,0.401168248516423,0.43948643707228,0.503210579970169
247,1188,623.5124288535,207.942497142074,341.536477216738,1,0,0,0,0.349806339824433,0,0
248,1027,578.348413034188,160.42735528083,284.327752777778,7,3.84666666666667,0.708,1.44633333333333,0.406933843966269,0.448380952380952,150.350540650136
249,442,238.924014019314,69.9463259407259,126.1315499001,1,0,0,0,0.382302461716263,0,0
250,116,60.5886476190476,20.8959642857143,34.5223714285714,1,0,0,0,0.342178304597701,0,0
251,31,16.829,3.71408333333333,9.45633333333333,1,0,0,0,0.423061827956989,0,0
252,1,0.411666666666667,0.349,0.24,19,9.916,2.2795,5.8095,0.0626666666666666,0.401921052631579,0.0415153959930079
253,1,0.458,0.083,0.458,5,2.114,0.748,1.139,0.375,0.2732,0.216650898770104
254,5,2.2317,0.4939,2.2747,2,1.222,0.3,0.478,0.34756,0.461,1.82626841243863
255,32,19.1204583333333,3.03604166666667,9.8495,9,4.8855,1.495,2.6205,0.502638020833333,0.376722222222222,3.91371575751373
256,2,0.789,0.756,0.456,6,3.119475,1.525175,1.3525,0.0165,0.265716666666667,0.252927175245835
257,13,6.60133333333333,2.23283333333333,4.16666666666667,100,49.1057305555556,14.0144805555556,27.8873583333333,0.336038461538461,0.3509125,0.134431017696905
258,19,8.0105,2.406,7.584,58,29.5265833333333,8.71270833333333,14.762375,0.294973684210526,0.358859913793104,0.271297898221659
259,71,37.4326333333333,13.4970333333333,20.0795333333333,163,84.1423238095238,24.3638285714286,42.5041476190476,0.337121126760563,0.366739234589541,0.44487282545311
260,50,24.9110833333333,12.72575,12.35725,126,61.7143857142857,16.6916452380952,34.5951404761905,0.243706666666667,0.357323337112623,0.403651159207227
261,59,31.4148218614719,9.65395476190476,17.9322634199134,148,69.7695642857143,18.2234904761905,38.004519047619,0.368828255924866,0.348284282496782,0.450265415630584
262,37,17.8971742424242,8.82841666666667,10.2720378787879,66,32.0083,7.521,20.4722,0.245101556101556,0.371019696969697,0.559141667705696
263,43,21.8081476190476,8.41088095238095,12.7890428571429,169,81.7507666666667,22.1400166666667,56.1084666666667,0.311564341085271,0.352726331360947,0.266763829970781
264,367,200.081637301587,51.4104198412698,109.528385714286,796,423.022644413919,83.9250212454212,226.083258470696,0.405098685177977,0.426002039156405,0.472980914718625
265,55,28.3601666666667,11.61375,15.0323333333333,111,56.2589621212121,16.4536159090909,28.2917795454545,0.304480303030303,0.358606722631723,0.504100424134444
266,50,24.9070555555556,9.17861111111111,14.9142777777778,6,3.1045,0.6335,1.264,0.314568888888889,0.411833333333333,8.0228879225497
267,1204,661.992156349206,199.709165873016,334.367154761905,1,0,0,0,0.383955972156304,0,0
268,954,490.302787035187,204.008861580087,249.732049370074,517,284.519711904762,58.4964642857143,142.954123809524,0.300098454355451,0.437182297135489,1.72326473885685
269,1956,1021.03351553818,386.885270382211,525.179900894594,2813,1540.27749517417,343.841757585251,763.960482240323,0.324206669302641,0.425323760252016,0.662889329187219
270,786,419.516020787546,130.353496825397,227.193851831502,1735,940.20648474026,210.71601038961,503.076160064935,0.36789125186024,0.420455604813054,0.446195625744318
271,141,75.1901547619048,23.0755666666667,41.7403404761905,439,243.25241965812,45.6211453601954,126.146197802198,0.369607007767646,0.450185135074998,0.309103419680598
272,111,60.0917476190476,18.6679904761905,31.2427571428571,26,14.9904666666667,3.53213333333333,6.47803333333333,0.373187001287001,0.440705128205128,4.00866423676254
273,427,227.871477777778,75.3297277777778,118.829688888889,1658,913.392600722815,187.058414875914,463.62389453748,0.357240632318501,0.438078519811159,0.249478129774044
274,535,292.280364718615,80.0072961760462,154.724287680375,2911,1564.08160829471,310.77303696068,853.081421010352,0.396772090733773,0.430542278026118,0.186870277847767
275,356,198.617030555556,59.7628388888889,94.6393027777778,438,235.577771428571,42.9977785714286,122.445078571429,0.39003986423221,0.439680348988911,0.843105991499616
276,1510,816.901464141414,247.2440748557,421.880846572872,4172,2306.96121859067,485.689148015873,1144.48577198172,0.377256549195837,0.436546517395684,0.354102816102155
277,2407,1268.63832616273,440.099839185814,676.392767754468,5215,2928.25941516955,573.019666090854,1433.84227428544,0.34422039342622,0.451627948049607,0.433239732651647
278,3090,1599.27996525974,627.624022943723,836.176224422799,5130,2778.18990577016,579.082138582851,1468.87696001843,0.31445176126732,0.428675978009222,0.575655379762959
279,4022,2019.96685520221,839.127400456261,1115.1477653783,51,27.843,6.34041666666667,13.8196666666667,0.293595090687706,0.421619281045752,72.5484629961647
280,2092,1086.14588901099,427.13636013431,561.862836843712,953,510.802457539683,109.814845238095,258.43853968254,0.315014115141816,0.420763496643848,2.12635212101854
281,2763,1485.76544395604,495.706596550672,758.689210592186,5810,3188.82435625494,658.096508908204,1572.30033191721,0.358327487298361,0.435581385085496,0.465928906069
282,2794,1437.53585551254,578.388685259185,743.158760793373,2053,1122.98635050505,224.911758694084,582.20322027417,0.307497197656893,0.437445003317568,1.28010091562202
283,1061,573.722582431457,177.56864731241,296.750834217172,1,0.563,0.1,0.337,0.373377884183834,0.463,1019.04543948749
284,1442,760.782633802309,277.812437409812,393.408984343434,4,2.358,0.419,1.222,0.334930788066919,0.48475,322.638945632871
285,1779,945.89636043956,360.326264041514,466.879706074481,407,217.923305683206,52.0393804417804,110.066202688978,0.329156883866243,0.407577211895394,4.34050115692815
286,1501,800.823816208791,279.75286480464,417.533917704518,852,477.22678452381,99.3040476190476,236.516601190476,0.347149201468455,0.443571287446904,1.67807810076686
287,307,151.751908333333,71.75265,81.4992166666667,69,37.089630952381,8.29344047619048,20.6187047619048,0.260583903365907,0.417336093857833,4.09149146100068
288,114,67.9134380952381,14.3377285714286,29.7594166666667,1,0,0,0,0.469962364243943,0,0
289,358,220.074749603175,40.5378678571429,95.4069119047619,12,6.43666666666667,1.30583333333333,4.255,0.501499669681653,0.427569444444444,34.1907948632586
290,147,80.6268571428571,25.1697726190476,41.2041011904762,296,152.495210119048,35.0145196428571,80.4927898809524,0.377259078393262,0.396894224581725,0.528717309087378
291,3,1.793,0.222,0.984333333333333,19,10.6158666666667,2.15743333333333,5.22756666666667,0.523666666666667,0.445180701754386,0.168898127331416
292,24,12.2678,4.8862,6.8475,58,32.5653333333333,6.1155,18.3205,0.307566666666667,0.456031609195402,0.376713478545693
293,28,13.3341666666667,4.97733333333333,8.691,49,27.4493038075959,5.42894368613842,15.1206827935223,0.298458333333333,0.449395104519541,0.485774311805197
294,1,0.548,0.2015,0.2505,1,0,0,0,0.3465,0,0
295,2,1.16,0.275,0.565,38,17.236,4.92916666666667,10.83225,0.4425,0.323864035087719,0.0673009979113483
296,43,19.532125,10.1872083333333,11.28225,164,89.6171388888889,23.0878055555556,42.3161388888889,0.217323643410853,0.405666666666667,0.217950776404687
297,8,3.589,2.339,2.072,103,50.766125,15.06675,30.1669583333333,0.15625,0.346595873786408,0.07069674906249
298,24,13.8511666666667,3.63891666666667,6.51,55,29.1010666666667,7.81133333333333,15.0843833333333,0.425510416666667,0.387086060606061,0.475967662124641
299,264,129.484930952381,59.4962785714286,71.0578071428571,160,79.7695833333333,21.06025,45.1700333333333,0.265108531746032,0.366933333333333,1.62323689734346
300,260,134.48263542291,53.3665703796204,70.1782422494173,880,448.215824603175,106.456496031746,250.351625396825,0.311984865551116,0.388362873376623,0.300039909438659
301,95,50.1401023809524,19.3495095238095,25.5111595238095,270,150.679307692308,35.1172576923077,71.1825782051282,0.324111503759399,0.428007592592593,0.33276037134004
302,74,38.829119047619,15.7170119047619,18.4466619047619,197,103.802447619048,23.7750714285714,53.4260476190476,0.312325772200772,0.406230335992265,0.374067470837691
303,82,41.0570416666667,17.9491666666667,22.9952916666667,186,103.062936904762,21.1657305555556,51.7718162698413,0.281803353658537,0.440307561017238,0.398368636676893
304,1822,1234.14310470085,155.151194230769,421.78531007326,943,470.679245238095,131.40373015873,283.923484126984,0.592201926712451,0.359783154909189,2.62204700374362
305,605,316.138011904762,107.830966666667,172.061678571429,1,0.656333333333333,0.0786666666666667,0.265333333333333,0.344309165682802,0.577666666666667,481.67294855982
306,879,480.068495652174,152.018809627329,237.95799057971,36,19.3613,4.12751666666667,10.5143333333333,0.373207833930426,0.423160648148148,24.7952614572458
307,278,141.477594155844,62.2158928571429,73.3155246753247,3,2.06666666666667,0.393,0.541333333333333,0.285114033448566,0.557888888888889,68.4569003979891
308,914,457.174122222222,194.649411111111,254.101144444444,516,272.638947619048,67.2914880952381,150.08724047619,0.287226160953076,0.3979601928756,1.676848176736
309,2144,1176.90711753247,323.683404509379,611.651177525252,1686,896.289053266178,217.772671550672,502.136029456654,0.397958821372709,0.402441507541819,1.31308880014063
310,250,143.247516666667,34.9769119047619,69.7794119047619,238,132.157146568627,24.8432289215686,67.0068676470588,0.433082419047619,0.450898813643104,1.08391805048757
311,367,197.714463852814,59.0401147186147,104.260410606061,866,494.945454761905,93.4196605889724,237.644835839599,0.377859261946047,0.463655651469899,0.399467177545706
312,388,216.784669444444,54.9922198412698,110.222857539683,3044,1696.96835937951,314.555174386724,866.392553499279,0.416990849492718,0.454143621876736,0.127748209473812
313,135,73.9873290598291,23.2855341880342,37.732547008547,6,3.253,0.441,1.305,0.375568850902184,0.468666666666667,22.7443372455669
314,111,58.9215333333333,21.1759,29.9020666666667,198,104.418752380952,24.5043714285714,59.0883642857143,0.340050750750751,0.403607984607985,0.564281146727066
315,2827,1482.7241164692,521.652412592086,795.804083128275,6612,3606.492520992,731.610336641953,1933.16024879532,0.339961692209804,0.43479766853449,0.411126352775956
316,4261,2338.03115674484,722.881256449802,1167.9102862483,3763,2004.14791934503,427.211841723011,1089.74223623755,0.379054189226717,0.419063533782093,1.16659610509634
317,1409,760.114444444444,254.746565079365,379.227175396825,2243,1195.02821293429,238.968883977134,624.07550954601,0.358671312537317,0.426241341487808,0.636064016077118
318,616,319.550902063142,122.218791926202,171.21770615481,16,7.64,1.2655,4.093,0.320344334637888,0.39840625,41.8260343014583
319,2667,1398.682883513,534.889867707184,722.550854335371,1929,1004.39838611111,201.807812590188,541.779521139971,0.32388189569022,0.41606561613319,1.392557876291
320,1144,582.062120770733,244.259005233002,305.715486692556,2092,1137.5074222209,244.791474373573,575.723724404098,0.295282443651862,0.426728464554169,0.511699624459858
321,2509,1295.64653657731,508.254372163947,682.424038591964,1418,788.358052777778,166.866776587302,403.832852380952,0.313827088247654,0.438287218752099,1.64347472828127
322,3086,1684.25977857143,595.25034484127,794.387727777778,353,197.150083333333,36.9718166666667,88.8918166666667,0.352887049167258,0.453762795089707,8.54303356151136
323,5316,2861.86335804473,1010.77380764791,1413.77661551227,5375,2912.17656454101,623.00716005106,1454.03901245144,0.348210976372616,0.425891982230689,0.982723160707733
324,2934,1551.25479145299,574.662572802198,793.248705387668,2944,1647.33663260073,326.741598260073,802.134362728938,0.332853516922561,0.448571682860278,0.941674434207141
325,1028,551.405925793651,189.508355555556,280.145708333333,430,231.841499206349,48.7013099206349,120.463986507937,0.352040437974801,0.425907416943522,2.37837456918304
326,667,376.375149404762,102.184645039683,182.458798412698,94,44.7087095238095,15.010569047619,27.2817547619048,0.411080216439399,0.315937664640324,8.41838544242312
327,17,9.188,3.174,4.64025,21,10.8672666666667,2.0479,6.0882,0.353764705882353,0.419969841269841,0.845474789735536
328,12,7.07,2.0265,2.903,169,86.96645,18.3319333333333,41.7032666666667,0.420291666666667,0.406121400394477,0.0812957180613904
329,1,0,0,0,1,0,0,0,0,0,0
330,1,0,0,0,2,1.258,0.291,0.451,0,0.4835,0
331,1,0,0,0,1,0,0,0,0,0,0
332,1,0,0,0,1,0,0,0,0,0,0
333,44,24.47975,5.37058333333333,13.1490833333333,216,122.844911904762,21.789919047619,58.3929023809524,0.434299242424242,0.467847189153439,0.199273617608017
334,28,14.3425,4.43441666666667,8.223,190,101.64425,21.19495,57.1737166666667,0.353860119047619,0.423417368421053,0.141104882961899
335,6,3.354,0.862833333333333,1.78316666666667,34,17.7227166666667,3.80213333333333,7.4766,0.415194444444444,0.409428921568627,0.189248638517609
336,50,22.282,9.77433333333333,17.9436666666667,26,11.9412307692308,4.79415384615385,7.2665,0.250153333333333,0.274887573964497,1.86597181066248
337,278,150.017483333333,45.9986892857143,79.0070357142857,709,360.381440476191,85.9525535714286,200.713623809524,0.374168323912299,0.3870647205991,0.416274165326348
338,2030,1067.23257297282,416.975795652376,535.02427921147,952,523.465558513709,115.456862878788,267.148242784993,0.320323535625832,0.428580562641723,2.03878279213448
339,5301,2775.58455961147,1113.67375949204,1391.04857196224,2410,1293.95490642968,281.621157437007,678.501127167277,0.313508922867277,0.420055497507334,2.14503963454951
340,3348,1801.67809883646,630.953800355527,881.538177240896,6653,3736.29435411475,787.734609748585,1854.19545804795,0.349678703249979,0.443192506292824,0.482209892497438
341,2757,1407.20977877316,598.229633269146,740.592479060553,1423,783.751671212121,169.438514393939,387.862290584416,0.293427691513969,0.431702850891203,1.79547914277085
342,577,300.811732844933,111.023761477411,163.175124725275,150,70.1210333333333,20.9267,46.9524833333333,0.3289219607756,0.327962222222222,4.28989303986678
343,7653,4184.65505979851,1291.47489745483,2098.22376079653,3,1.28366666666667,0.3865,1.32983333333333,0.378045232241432,0.299055555555556,3259.92344310452
344,286,141.238287878788,65.6390681818182,77.1200606060606,48,24.9707305555556,6.59283888888889,13.4316111111111,0.264332936003391,0.382872743055556,5.65615361411061
345,270,149.251214141414,42.4303136363636,77.3316439393939,35,21.0501833333333,3.67113333333333,10.2786333333333,0.39563296483352,0.496544285714286,7.09025720954517
346,2468,1330.97569079532,411.573912701188,684.537083219558,1619,884.546725,186.754678968254,451.759501587302,0.372529083506535,0.431001881427885,1.50469800314428
347,353,187.976758441558,49.7956843434343,104.242641738817,1860,1004.40514642857,196.087086111111,529.573142063492,0.391447801977689,0.434579602321215,0.187152325045286
348,543,308.269596153846,66.4455452991453,157.293976068376,812,422.814227380952,89.53,227.641756746032,0.445348159953409,0.410448555887872,0.729089931678429
349,202,109.106542857143,36.2496178571429,54.6568226190476,286,153.13878044733,30.0201708874459,81.8392895382395,0.360677846534653,0.430484648810785,0.712468406359474
350,57,27.47925,13.1609166666667,16.3632833333333,5,2.4818,0.7257,1.7928,0.251198830409357,0.35122,11.072306390523
351,416,231.208207183447,54.9456924855116,125.838537301312,32,17.5063333333333,3.3085,9.18716666666667,0.423707968023883,0.443682291666667,13.2071178345045
352,720,398.800754761905,118.908123809524,198.330438095238,328,181.786037301587,36.8763206349206,91.3455349206349,0.38873976521164,0.441797916666667,2.1937920022993
353,3787,2019.11655068543,703.211745888861,1025.81361618354,6296,3428.57144408954,700.177227531241,1744.31381865386,0.347479483706513,0.433353592210657,0.588908991284446
354,1572,815.616304004329,336.941508802309,413.512644877345,2085,1101.01613525641,260.027732661783,580.969715323565,0.304500505853702,0.403351751843946,0.740785060170244
355,424,223.09408994709,81.0389395502645,116.868555687831,629,336.28536733009,83.287467920693,172.463825813196,0.335035732067984,0.402222415595226,0.663407069175585
356,1062,568.060554401154,178.427013347763,291.561643722944,90,43.719676984127,13.2294984126984,27.0503619047619,0.366886573496602,0.338779761904762,12.9932468304237
357,568,276.625019747899,121.266395798319,155.116307563025,1388,729.662385714286,150.772087698413,393.596496031746,0.273518704136584,0.417067938051782,0.379113717746467
358,301,147.352641558442,68.2862409090909,83.37060995671,1362,708.786565873016,177.526459920635,386.677628968254,0.262679071924753,0.390058814943011,0.207894235942447
359,1788,920.701509354534,388.414440689866,469.943856365856,1391,712.978374087024,171.872564724165,408.176917754468,0.297699702832589,0.389004895300402,1.2913456323742
360,2762,1482.47277165242,530.177718823769,738.413809279609,1054,609.545495238095,115.26550952381,286.261877380952,0.344784595520874,0.468956343182434,2.43209536159947
361,1877,973.052077113647,348.740302911521,545.264820092468,1338,746.213850793651,146.162903968254,367.689840873016,0.332611493980888,0.448468570123615,1.30398554794814
362,806,424.720207857143,155.652934047619,215.685180952381,68,33.5194222222222,9.14723333333333,16.3346166666667,0.333830364527945,0.35841454248366,12.670868997723
363,4034,2107.80725450105,811.261302864293,1092.0823558879,6,3.525,0.819,1.657,0.321404549240645,0.451,597.959504822994
364,285,159.819508333333,43.760425,79.43685,39,18.6125,5.24733333333333,12.1346666666667,0.40722485380117,0.342696581196581,8.58667606895008
365,98,52.8648166666667,13.79555,30.3372166666667,672,338.667730844156,71.0966755411255,197.1810995671,0.398665986394558,0.398171213248557,0.156096409111364
366,33,18.2033833333333,4.40271666666667,10.3911833333333,126,58.3283333333333,12.1341785714286,35.527,0.41820202020202,0.366620275888133,0.312084750121439
367,1,0.518,0.192,0.29,1,0,0,0,0.326,0,0
368,2,0.657333333333333,0.915333333333333,0.428333333333333,4,1.942,0.697,1.361,-0.129,0.31125,0.338482663920357
369,1,0,0,0,6,3.76,0.723,1.518,0,0.506166666666667,0
370,1,0,0,0,1,0,0,0,0,0,0
371,1,0,0,0,1,0,0,0,0,0,0
372,2,1.12766666666667,0.311333333333333,0.561666666666667,9,4.64,1.061,2.298,0.408166666666667,0.397666666666667,0.243031609195402
373,215,111.71385,39.8390833333333,59.4530333333333,247,126.591482251082,32.8325987012987,70.5839123376623,0.334301240310077,0.379590621659043,0.882475250415554
374,1,0,0,0,1,0.659,0.072,0.268,0,0.587,0
375,1,0.643,0.071,0.286,3,0.827,0.728,0.444,0.572,0.033,0.777509068923821
376,14,7.802,2.088,4.11,57,27.314,7.212,18.4793571428571,0.408142857142857,0.352666666666667,0.285641063191038
377,723,396.521949278499,115.73961962482,200.796643722944,2976,1566.07533964646,351.19254724026,853.880710335498,0.38835730242556,0.40822674476015,0.253194683065511
378,5359,2735.06788131634,1124.19778853938,1470.99286998981,2642,1457.90036352657,296.401093449244,773.71707556779,0.300591545582564,0.439628792610646,1.87603210050678
379,4514,2386.76864112664,894.369509032185,1201.10799395621,872,479.066199206349,104.079293650794,233.876570634921,0.330615669493677,0.430030854994903,4.98212699013354
380,3947,2026.70543813964,851.074946020646,1048.23241539294,1,0,0,0,0.29785419106131,0,0
381,2187,1134.5056957674,443.651522326402,586.920318202251,947,490.696674664225,113.26458009768,277.055612271062,0.315891254431185,0.398555538085052,2.31203053606126
382,1950,1003.02079246032,415.617263095238,520.455751984127,512,268.615342063492,56.7660972222222,144.639171825397,0.301232579161579,0.413768056330605,3.73404134237141
383,3480,1809.73138540261,702.574193371249,934.824792004049,2068,1127.29005826878,248.91284328055,570.891219081795,0.318148618399816,0.424747202605526,1.60538219256709
384,2335,1222.87782215007,471.226867568543,632.037573376623,2129,1142.85828130758,255.182681804307,609.073500369075,0.321906190398942,0.41694485650694,1.07001702849013
385,373,205.303183333333,59.7766055555556,103.946513888889,488,260.850900649351,58.3039101731602,132.877220526696,0.390151683050343,0.415055308352849,0.787051847711703
386,59,30.364,9.26303571428571,17.3682619047619,186,93.010630952381,18.0962916666667,47.8884583333333,0.357643462469734,0.402765264976958,0.326457305891684
387,158,80.9148333333333,32.213,43.8726666666667,263,141.976219047619,27.1951547619048,74.8450595238095,0.308239451476793,0.436429902227051,0.569918215008912
388,46,23.2841666666667,10.164,12.553,6,2.4452,0.6694,1.8849,0.285221014492754,0.295966666666667,9.52239762255303
389,7,4.26991666666667,0.79875,1.93158333333333,55,30.97675,5.63325,17.3901666666667,0.495880952380952,0.460790909090909,0.137842629283791
390,7,3.8055,1.2405,1.9535,62,32.7141,5.02095,17.2619666666667,0.366428571428571,0.446663709677419,0.116325987876787
391,997,525.191426190476,123.878944588745,333.916883874459,427,216.69302987013,50.8586512987013,125.446967532468,0.402520041726912,0.388370910003346,2.42366552586042
392,1939,1029.72392844378,373.128542321567,525.222701384726,4025,2242.76952304917,476.66739463037,1106.65231568432,0.338625779330692,0.438783137495355,0.459130516025476
393,2116,1118.51270079365,428.499207147677,556.065591424073,3071,1612.07675827228,338.61380982906,852.41306001221,0.326093333481084,0.414673705126416,0.693833401575988
394,1199,635.713157900433,232.862285788773,323.459250277938,1635,894.278869322344,190.456638186813,450.328432142857,0.335989050968858,0.43047231262112,0.710866799728988
395,3100,1678.53886356421,563.840935858586,838.846347691198,429,239.650423376623,50.9967175324675,121.392496753247,0.359579976679235,0.439752228074955,7.0041139085588
396,1605,801.647659742382,326.701393285799,474.786533573126,1,0.461,0.267,0.272,0.295916676919989,0.194,1738.93201679475
397,38,18.3168333333333,8.6775,11.0001666666667,1,0.704,0.06,0.237,0.253666666666667,0.644,26.0182291666667
398,3,1.616,0.603666666666667,0.780333333333333,3,1.51466666666667,0.534666666666667,0.950666666666667,0.337444444444444,0.326666666666667,1.0669014084507
399,78,41.9314666666667,14.7389833333333,21.33325,1,0,0,0,0.348621581196581,0,0
400,4512,2433.59694060379,754.276382718734,1279.44422807346,1086,598.712438203463,118.143368722944,323.173266774892,0.372189839956795,0.442512955322762,4.06471752600666
401,3419,1775.23385840843,678.500475961872,914.344046922423,1555,863.991498329448,177.248873068598,430.802400788101,0.320776069741609,0.441635128785113,2.05468903552974
402,4638,2451.0341145424,857.589015290265,1306.50301962898,1,0,0,0,0.343562979571396,0,0
403,1372,714.975089430014,283.886771933622,369.158796536797,1,0,0,0,0.314204313044018,0,0
404,67,34.8846166666667,9.03901666666667,21.0712333333333,22,11.21995,3.64765,7.13356666666667,0.385755223880597,0.344195454545455,3.1091597259049
405,1078,552.662479040404,172.351583694084,340.818117099567,1107,564.978721608947,118.967680735931,353.805718759019,0.352793038354657,0.402900669261984,0.978200519599272
406,65,31.3824404761905,12.5710476190476,20.0331071428571,59,30.8197833333333,7.04783333333333,20.12005,0.289406043956044,0.402914406779661,1.01825636269962
407,1,0,0,0,1,0,0,0,0,0,0
408,1,0,0,0,1,0,0,0,0,0,0
409,1,0,0,0,1,0,0,0,0,0,0
410,1,0,0,0,1,0,0,0,0,0,0
411,1,0,0,0,1,0,0,0,0,0,0
412,1,0,0,0,1,0,0,0,0,0,0
413,1,0,0,0,1,0,0,0,0,0,0
414,1,0,0,0,1,0,0,0,0,0,0
415,1,0,0,0,1,0,0,0,0,0,0
416,1,0,0,0,2,0.913,0.564,0.5225,0,0.1745,0
417,12,6.2765,2.28,3.445,10,5.415,0.936,2.64825,0.333041666666667,0.4479,1.15909510618652
418,162,84.1924345238095,32.5772952380952,44.2443107142857,589,305.519332051282,72.9084290598291,165.608824358974,0.318611970899471,0.394925132413333,0.275571545533746
419,411,214.273154761905,85.8522452380952,108.896266666667,177,98.0346357142857,20.0164047619048,51.9572785714286,0.312459633877882,0.440780965832661,2.18568828456085
420,63,30.20225,16.95825,15.8428333333333,1,0,0,0,0.210222222222222,0,0
421,1574,800.821420670996,344.186588311688,415.97727711039,14,7.9725,1.358,3.6685,0.29011107519651,0.472464285714286,100.44796747206
422,72,39.2281617647059,12.6413431372549,18.1408725490196,47,26.9757333333333,5.638,12.3849333333333,0.369261369825708,0.453994326241135,1.45420186654323
423,120,62.9343904761905,24.0388833333333,30.0303095238095,150,81.8937,16.7715166666667,41.3418166666667,0.324129226190476,0.434147888888889,0.768488790666321
424,1891,958.192235497836,398.826681583694,515.994853499279,1752,947.004784372451,196.342998057438,475.721345997239,0.295804100430535,0.428459923695784,1.0118135106707
425,915,505.207201190476,158.084692460317,246.736382936508,2304,1239.16896461039,251.477587662338,637.423815151515,0.379368862000174,0.428685493467036,0.407698397570278
426,44,21.392,4.24579166666667,14.3664583333333,167,83.0648916666667,16.5315416666667,50.4000166666667,0.389686553030303,0.398403293413174,0.257533592963012
427,50,26.3143,10.0454055555556,13.6468722222222,1,0,0,0,0.325377888888889,0,0
428,1,0.729,0.052,0.219,1,0,0,0,0.677,0,0
429,14,7.6305,1.66233333333333,4.70583333333333,34,17.3609166666667,2.9215,11.7141666666667,0.426297619047619,0.424688725490196,0.439521722643294
430,197,104.088855555556,33.46195,58.459,460,250.778245562771,45.0974404761905,131.120834199134,0.358512210941906,0.447132184970826,0.41506333741976
431,7376,3901.30159487793,1270.20210454828,2072.45896867334,1744,954.026603160728,197.892083007632,492.119237970001,0.35671088534838,0.433563371647417,4.08930063580278
432,1585,877.952225613276,256.053673376623,427.04610974026,2971,1590.49955572468,368.366634596369,835.106678825677,0.392365017184008,0.41135406298496,0.551997781107994
433,1738,952.833626875902,314.783836435786,464.422952092352,1764,950.685581216931,197.262055952381,496.137291137566,0.367117255719284,0.427110841986707,1.00225947011442
434,745,450.925091450216,100.067620995671,189.056472835498,364,201.80840952381,42.2736452380952,105.9358,0.470949624771202,0.438282319466248,2.23442170975048
435,2040,1084.16193567374,393.062000731888,540.793489723306,207,115.04275,24.40385,55.5695666666667,0.338774477912674,0.437869082125604,9.42399182628843
436,2291,978.358309147423,317.223109036629,575.479720340736,45,24.26325,3.73541666666667,11.99925,0.288579310393188,0.456174074074074,40.3226405839046
437,2337,1319.87646291209,389.107766891442,617.037187826063,1,0,0,0,0.398275008994714,0,0
438,25,12.1348333333333,4.6385,7.22675,14,7.067,1.7945,3.1395,0.299853333333333,0.376607142857143,1.71711240035847
439,3,1.242,0.654333333333333,1.10466666666667,1,0,0,0,0.195888888888889,0,0
440,84,42.7375,15.5954166666667,23.6654166666667,117,58.7734666666667,12.89685,34.3267833333333,0.32312003968254,0.392107834757835,0.727156358538207
441,4598,2350.12723566336,891.348880519481,1343.8924412847,2472,1351.83023441558,261.163135191198,681.082277290765,0.317263670105236,0.441208373472648,1.73847808388407
442,7385,3863.4713251665,1493.94398608336,1978.90411067266,5255,2916.68099803501,642.701384595814,1432.77992991511,0.320856782543418,0.432726853175869,1.32461223142653
443,7529,3879.55831226845,1567.33354971648,2039.51234416373,465,263.509363095238,54.3314924603175,132.168226190476,0.307109146307872,0.449844883085851,14.7226583021503
444,851,445.166178571429,169.823329365079,228.049918253968,1308,714.682271825397,152.363432142857,371.982582142857,0.323552114226027,0.429907369787874,0.622886835340707
445,192,101.59680952381,35.8532261904762,52.5411428571429,14,5.72533333333333,2.09316666666667,4.179,0.342414496527778,0.259440476190476,17.7451344068135
446,11641,6127.38766847262,1596.34177453796,3676.43813261918,12189,6532.33575083144,1323.28841933181,3662.39571604539,0.389231672015691,0.427356414102849,0.938008685131153
447,12,6.263,2.0785,3.6555,1,0,0,0,0.348708333333333,0,0
448,2,0.328,0.54,0.131,1,0,0,0,-0.106,0,0
449,1,0,0,0,1,0,0,0,0,0,0
450,1,0,0,0,1,0,0,0,0,0,0
451,1,0,0,0,1,0,0,0,0,0,0
452,1,0,0,0,1,0,0,0,0,0,0
453,1,0,0,0,1,0,0,0,0,0,0
454,1,0,0,0,1,0,0,0,0,0,0
455,1,0,0,0,1,0,0,0,0,0,0
456,1,0,0,0,1,0,0,0,0,0,0
457,1,0,0,0,1,0,0,0,0,0,0
458,1,0,0,0,1,0,0,0,0,0,0
459,1,0.223,0.591,0.186,4,2.645,0.204,1.151,-0.368,0.61025,0.0843100189035917
460,490,234.645007142857,115.746283333333,124.638202380952,86,43.8361428571429,10.4584285714286,26.7035952380952,0.24265045675413,0.388112956810631,5.35277494435446
461,20,10.5791666666667,4.0605,5.36133333333333,1,0,0,0,0.325933333333333,0,0
462,31,14.79,7.766,8.43966666666667,1,0,0,0,0.22658064516129,0,0
463,17,9.793,2.88916666666667,4.31883333333333,1,0,0,0,0.406107843137255,0,0
464,1,0.223,0.591,0.186,2,0.898,0.583,0.518,-0.368,0.1575,0.248329621380846
465,3835,1966.77169484127,835.672482395382,1005.82738282828,2332,1273.58942859912,263.140264055501,647.341818120906,0.294941124496972,0.433297240370334,1.54427451318013
466,38,20.033,7.65083333333333,10.3178333333333,78,42.9891333333333,9.63223333333333,21.3751333333333,0.32584649122807,0.427652564102564,0.46600148564676
467,594,313.101325,113.517090873016,161.41163968254,1523,823.532357864358,176.041969264069,415.489508658009,0.336000394153172,0.425141423900387,0.380193105966056
468,109,56.6236904761905,20.3445357142857,31.03275,662,335.704130586081,66.6760543956044,198.628182417582,0.33283628221931,0.406386822039994,0.168671414251995
469,1,0.7065,0.0925,0.2015,1,0,0,0,0.614,0,0
470,71,40.3165476190476,8.84971428571429,19.8382380952381,1,0,0,0,0.443194835680751,0,0
471,111,58.4646052631579,12.5829126566416,38.9535051378446,81,44.3511388888889,7.11294444444444,26.5369166666667,0.413348582040687,0.459730795610425,1.31822105875628
472,30,17.4544666666667,4.25003333333333,8.2951,76,43.8694023809524,7.46238095238095,24.676969047619,0.440147777777778,0.479039755639098,0.397873363195055
473,1301,723.855727277433,223.284458229814,348.974707349896,1291,692.581225577201,138.560405952381,368.921331709957,0.384758853995095,0.429140836270193,1.04515643876163
474,3462,1830.96879869852,628.426916450216,949.85002490565,4452,2511.04399618577,519.852583771446,1217.225433267,0.3473546742485,0.447257729652813,0.729166355300716
475,3775,2031.0886533189,662.539193145743,1053.89571305916,710,390.045170112782,84.2105667293233,196.786649122807,0.362529658324016,0.430752962511914,5.20731650832034
476,1690,964.636255952381,260.028017857143,454.387004761905,1,0,0,0,0.416927951535644,0,0
477,2139,1171.29630320129,404.664057186849,554.188242957125,1,0.729,0.052,0.219,0.358406847131577,0.677,1606.7164652967
478,2692,1441.73378562271,490.471783455433,726.929041361416,5,3.47066666666667,0.3705,1.15883333333333,0.353366271235987,0.620033333333333,415.405431892829
479,1308,683.391996428571,262.786856746032,351.8718,146,80.2687214285714,14.9633484126984,39.7863150793651,0.321563562448425,0.447297075451185,8.51380194259977
480,43,22.2610333333333,8.0916,12.6465666666667,103,51.1127845238095,14.1994285714286,28.6842630952381,0.329521705426357,0.358382096625058,0.435527697047372
481,6,4.036,0.673,1.291,1,0.514333333333333,0.0726666666666667,0.412333333333333,0.5605,0.441666666666667,7.84705119896306
482,143,72.7608654761905,32.7657833333333,36.4806428571429,24,14.0048666666667,2.01933333333333,5.97633333333333,0.279685889110889,0.499397222222222,5.19539865733748
483,258,133.026566666667,41.6252555555556,83.3189277777778,33,17.507,3.7395,11.7505,0.354268647717485,0.41719696969697,7.59847870375659
484,3740,1949.25434566341,786.986651979944,989.981044302758,16,8.782,2.15875,4.06025,0.310766763016971,0.413953125,221.960185113119
485,3269,1690.81045535437,697.963444093407,860.256693001443,1256,681.742613931069,141.580538369963,349.71089019536,0.303715818678789,0.43006534678432,2.48013021454652
486,295,145.635144444444,68.7294944444444,78.6818166666667,817,439.478452380952,82.5056202380952,232.046369047619,0.260697118644068,0.436931251092848,0.331381763213737
487,252,132.407,39.428080952381,79.11255,1,0,0,0,0.368963964474679,0,0
488,2517,1315.82735915751,349.013111141636,812.661478907204,1,0,0,0,0.38411372587043,0,0
489,9,4.56633333333333,1.69616666666667,2.7365,1,0,0,0,0.318907407407407,0,0
490,1,0.5795,0.091,0.329,1,0,0,0,0.4885,0,0
491,29,14.3518,6.87371666666667,7.77343333333333,1,0,0,0,0.257864942528736,0,0
492,1,0,0,0,1,0,0,0,0,0,0
493,1,0,0,0,1,0,0,0,0,0,0
494,1,0,0,0,1,0,0,0,0,0,0
495,1,0,0,0,1,0,0,0,0,0,0
496,1,0,0,0,1,0,0,0,0,0,0
497,1,0,0,0,1,0,0,0,0,0,0
498,1,0,0,0,1,0,0,0,0,0,0
499,1,0,0,0,3,0.812,0.683,1.505,0,0.043,0
500,34,18.8478333333333,5.822,9.33666666666667,101,48.1584761904762,14.9553333333333,27.8987619047619,0.383112745098039,0.328743988684583,0.391371048759651
501,63,30.9945333333333,13.0869833333333,16.9258833333333,64,35.5880833333333,9.80666666666667,16.6118333333333,0.284246825396825,0.402834635416667,0.870924490173443
502,4,2.732,0.2915,0.979,1,0.763,0.033,0.204,0.610125,0.73,3.58060288335518
503,332,157.340866017316,74.1903170995671,94.4276406926407,121,59.6041388888889,19.4086888888889,36.9769833333333,0.250453460595629,0.332193801652893,2.63976409944657
504,697,369.448683838384,130.153576767677,194.441477777778,1,0,0,0,0.34332153094793,0,0
505,3363,1778.35373442807,678.040067800255,887.821363843101,1782,950.80454455267,210.503664466089,473.770823845599,0.327182178598815,0.415432592641178,1.87036730589539
506,4642,2370.41824209222,1038.38946278101,1215.47464314623,1520,843.883422037603,175.788187295221,415.391458921144,0.286951481971394,0.439536338646304,2.80894040597304
507,2485,1303.6633285906,507.296473486587,656.105660910698,4114,2261.97329995283,463.63792963148,1127.667228663,0.320469559397993,0.437125758464109,0.576338955290846
508,2742,1428.32359187925,505.837919144306,795.784519803953,2185,1205.48439235209,240.04724505772,621.538787662338,0.336428035278972,0.441847664665617,1.18485448749142
509,1,0.471,0.292,0.237,11,5.68183333333333,1.55616666666667,3.76433333333333,0.179,0.375060606060606,0.0828957789445895
510,1,0,0,0,1,0,0,0,0,0,0
511,5,3.144,0.314666666666667,1.541,1,0,0,0,0.565866666666667,0,0
512,1,0,0,0,1,0,0,0,0,0,0
513,360,198.84514047619,61.0316192640693,97.1508625541125,103,56.1575083333333,10.632925,29.2113166666667,0.382815336700337,0.441986245954693,3.54084692105476
514,2733,1415.07709397547,517.008709974747,745.440020562771,16,7.96219166666667,2.024225,6.014425,0.328601677277981,0.371122916666667,177.724570472176
515,4333,2368.05961737488,777.179975977823,1151.99917310321,3214,1812.49610256133,376.08831511544,881.530360335498,0.367154313731146,0.446922149174203,1.30651846038646
516,3513,1760.33934640661,801.46613049909,931.481290375808,947,539.480730441411,103.891149994862,251.662927856964,0.272949961829639,0.45996787797946,3.2630254373799
517,2519,1336.73144654973,457.683184373526,693.772684373136,242,134.305038095238,21.47115,69.22765,0.348967154496311,0.466255735930736,9.95295087591453
518,5638,2963.83820110926,1072.39967948682,1577.0325726146,940,507.596545321345,107.016712529138,266.430536863137,0.33548040468649,0.426148758289583,5.8389644855304
519,4852,2596.8819036701,958.670584223538,1281.58619285608,1,0,0,0,0.337636298319573,0,0
520,771,417.671387465312,134.275426634477,213.10118510656,12,6.371,1.36866666666667,3.2605,0.367569339599009,0.416861111111111,65.5582149529607
521,41,18.48925,11.99975,10.51375,29,12.8443333333333,4.112,8.04316666666667,0.158280487804878,0.301114942528736,1.43948693327797
522,114,55.6794366666667,26.7891033333333,31.53784,54,25.55175,6.07575,14.3715,0.253423976608187,0.360666666666667,2.17908505940559
523,4280,2251.7545913216,852.108022239476,1153.43907314292,1760,959.555846042846,212.39874495782,486.108907015207,0.327020226421057,0.424521080161947,2.34666340745847
524,3182,1601.3020540638,672.430556833407,891.387761938287,1,0,0,0,0.291914361166058,0,0
525,4776,2502.3191754697,946.09519553502,1272.77898829106,1,0,0,0,0.32584254186237,0,0
526,171,88.4794833333333,29.80825,51.7217416666667,202,105.833916666667,21.5182095238095,68.668155952381,0.343106627680312,0.417404490806223,0.836022006177919
527,42,23.7107095238095,6.34257380952381,11.9488666666667,1,0,0,0,0.413527040816327,0,0
528,15,8.468,2.711,3.821,1,0,0,0,0.3838,0,0
529,127,67.3442404761905,25.6300214285714,34.0307714285714,1,0,0,0,0.328458417697788,0,0
530,14,7.0695,2.08883333333333,3.84016666666667,1,0,0,0,0.355761904761905,0,0
531,1,0,0,0,1,0,0,0,0,0,0
532,1,0,0,0,1,0,0,0,0,0,0
533,1,0,0,0,1,0,0,0,0,0,0
534,1,0,0,0,1,0,0,0,0,0,0
535,1,0,0,0,1,0,0,0,0,0,0
536,1,0,0,0,1,0,0,0,0,0,0
537,1,0,0,0,1,0,0,0,0,0,0
538,1,0.627,0.072,0.301,4,1.579,0.543,0.878,0.555,0.259,0.397086763774541
539,81,39.7303666666667,18.3161666666667,21.9653833333333,75,39.5693333333333,13.1921666666667,20.2476666666667,0.264372839506173,0.351695555555556,1.00406964989723
540,18,10.4389166666667,2.87533333333333,4.68491666666667,23,9.94,4.128,5.9315,0.420199074074074,0.252695652173913,1.05019282360832
541,1,0,0,0,1,0,0,0,0,0,0
542,63,33.5626904761905,9.27745238095238,18.1664761904762,116,66.4463666666667,11.2959166666667,32.2553166666667,0.385479969765684,0.475434913793103,0.505109491457378
543,2034,1074.01894026733,423.664993755221,524.504969632414,47,27.1017878787879,5.29516666666667,13.6014621212121,0.319741369966624,0.463970664087685,39.6290807481359
544,4406,2312.2646031746,867.025398015873,1200.90834087302,616,343.984197907648,74.1059944444444,168.961511183261,0.328016160952957,0.438113966661045,6.72200821211966
545,4287,2238.20796017039,876.378196037296,1150.71223397991,475,256.484366666667,51.4477916666667,142.085908333333,0.31766497880408,0.431655947368421,8.72648882759866
546,4517,2339.20583213607,945.761492493301,1213.34253395048,1737,927.627601587302,218.893423763736,493.547388385226,0.308488895205394,0.408021979173037,2.52170787946947
547,29,15.6668333333333,6.19566666666667,7.13916666666667,5,2.52425,1.06425,1.41075,0.326591954022988,0.292,6.20652999240698
548,1,0,0,0,1,0,0,0,0,0,0
549,1,0,0,0,1,0,0,0,0,0,0
550,1,0,0,0,1,0,0,0,0,0,0
551,43,23.45175,6.94333333333333,12.6144166666667,867,529.912901190476,51.1644011904762,261.168197619048,0.383916666666667,0.552189734717416,0.0442558577972238
552,316,175.644104329004,51.9523688311688,87.4483173160173,715,409.868272619048,74.8875287878788,206.242136255411,0.391429542714669,0.46850453682681,0.4285379378273
553,2639,1403.15191871336,528.844249592779,697.186928659318,44,20.4484166666667,6.79991666666667,11.7536666666667,0.33130264081871,0.310193181818182,68.6190985632965
554,499,265.21180952381,87.6250595238095,139.213716666667,742,425.715830835831,78.164363986014,210.142187753913,0.355885270541082,0.46839820330164,0.622978499538307
555,220,121.51151477591,35.5886643557423,58.916705952381,907,515.384481442577,96.758410340803,252.882832026144,0.390558411000764,0.461550243772628,0.235768672032569
556,1012,561.532171428571,164.307469047619,281.165658333333,1706,902.190202128427,179.971972510823,548.843856277056,0.392514528044419,0.423340111147482,0.622409964222419
557,947,503.359230952381,177.383526190476,257.282967748918,59,32.0905857142857,7.2661619047619,17.6436714285714,0.344219329210037,0.420752945924132,15.6855731906539
558,4571,2493.55720429132,826.247449112204,1233.20583514848,2002,1116.853154107,230.926877439227,560.304648551449,0.364758205027154,0.442520617716172,2.23266343934452
559,2426,1362.47696262838,356.075469501903,695.692776874596,769,420.451868406593,87.1806902319902,216.385639316239,0.414839857018335,0.433382546390901,3.24050638136496
560,60,30.2241333333333,14.7955666666667,14.9801,8,5.319,0.422,2.263,0.257142777777778,0.612125,5.68229617095945
561,70,40.2907333333333,11.0524333333333,18.6562,985,573.033611400609,112.397574117141,259.591905005697,0.41769,0.467650799272556,0.0703112915747729
562,821,429.335493145743,173.029144733045,215.698246031746,651,363.483148412698,73.7290301587302,176.794376190476,0.312188000502678,0.445090811450028,1.18117028264066
563,243,136.413738095238,30.2819428571429,73.3183119047619,1,0,0,0,0.436756359004507,0,0
564,320,187.290597368421,44.9774612573099,85.7486729532164,1,0,0,0,0.444728550347222,0,0
565,49,25.67525,9.2655,13.06325,1,0,0,0,0.334892857142857,0,0
566,221,122.336867063492,34.2018884920635,60.4708619047619,1,0,0,0,0.398800808015514,0,0
567,105,47.6849166666667,26.3653166666667,29.9553166666667,1,0,0,0,0.20304380952381,0,0
568,129,72.39715,13.2341,39.3634166666667,1,0,0,0,0.458628294573643,0,0
569,1,0,0,0,1,0,0,0,0,0,0
570,1,0,0,0,1,0,0,0,0,0,0
571,1,0,0,0,1,0,0,0,0,0,0
572,1,0,0,0,1,0,0,0,0,0,0
573,1,0,0,0,1,0,0,0,0,0,0
574,1,0,0,0,1,0,0,0,0,0,0
575,1,0,0,0,1,0,0,0,0,0,0
576,4,2.18266666666667,0.699,1.11733333333333,1,0,0,0,0.370916666666667,0,0
577,1,0,0,0,1,0,0,0,0,0,0
578,4,2.33566666666667,0.356,1.30866666666667,21,10.19,4.3975,5.411,0.494916666666667,0.275833333333333,0.229211645403991
579,11,5.3675,2.267,3.3655,25,11.8895,2.30558333333333,7.80125,0.281863636363636,0.383356666666667,0.451448757306867
580,1,0,0,0,1,0,0,0,0,0,0
581,2,0.896,0.755,0.349,1,0,0,0,0.0705,0,0
582,14,8.0851568627451,1.20113725490196,4.71337254901961,84,44.8837666666667,8.68413333333333,26.4310333333333,0.49171568627451,0.430948015873016,0.180135435664084
583,3561,1954.30545818071,623.301588095238,961.510551465202,1315,713.74991972472,158.665882187257,365.663376789877,0.373772499321952,0.422117138811759,2.73808151030609
584,2200,1139.51674508131,458.495532715895,597.129466448829,954,528.95784714905,118.983445985301,266.122013101956,0.309555096529733,0.429742558871854,2.15426758714899
585,78,42.0215976190476,14.8373428571429,21.1427738095238,1,0,0,0,0.348516086691087,0,0
586,186,97.7243166666667,38.5496214285714,49.7501785714286,78,43.06875,8.65481666666667,22.2838666666667,0.318143522785458,0.441204273504273,2.26903071639336
587,3,1.986,0.294,0.72,1,0,0,0,0.564,0,0
588,2,0.801,0.447,0.752,1,0,0,0,0.177,0,0
589,3,1.2638,0.7244,1.0108,4,2.1498,0.6094,1.2418,0.1798,0.3851,0.587868638943157
590,134,77.9040166666667,19.6536,36.4504166666667,117,66.8520523809524,11.5239857142857,29.6239952380952,0.43470460199005,0.472889458689459,1.16531974549914
591,127,64.3768333333333,27.2617277777778,35.3693666666667,25,13.5465,2.95033333333333,7.50466666666667,0.292244925634296,0.423846666666667,4.75228533815623
592,464,245.78505952381,86.4693023809524,125.78900952381,307,172.092361111111,34.9503722222222,87.9757277777778,0.343352924876847,0.446716576185306,1.42821597621709
593,114,55.6254119047619,24.3053357142857,31.075369047619,38,20.5225,5.51983333333333,10.9546666666667,0.274737510442774,0.39480701754386,2.71045983212386
594,149,74.4050757575758,34.1765691919192,40.4143227272727,231,124.745645238095,24.4134214285714,63.847680952381,0.269989976950715,0.43433863121006,0.596454293980065
595,1360,720.590091666667,249.041935714286,378.438275,1368,729.270304928164,157.870315645586,376.858293791957,0.346726585259104,0.417690050645159,0.988097399273165
596,1285,665.99093968254,262.22145952381,349.835546031746,1363,736.189320238095,153.369926190476,373.505389285714,0.31421749428695,0.427600435838312,0.904646293248519
597,3801,2002.30853809431,719.310733896659,1057.79867116125,3135,1745.77902854368,356.521948280886,855.758634085359,0.337542174216694,0.443144204230556,1.14694271460268
598,5861,3013.67592020202,1205.91383336941,1618.81682316017,3383,1881.77456649984,391.093389251761,947.264217531162,0.308439189017678,0.440638834539781,1.60150741425289
599,2319,1256.91432936508,391.807311294261,641.412420665446,3456,1867.66291651959,385.545203232878,942.927404489954,0.373051754234937,0.428853505001943,0.672987785026728
600,214,109.47175,29.8509166666667,73.6355833333333,630,335.131025396825,61.3300023809524,196.580002380952,0.372059968847352,0.434604798437894,0.326653582342535
601,20,12.1235,2.08575,5.79,61,31.9381666666667,5.8775,18.1868333333333,0.5018875,0.427224043715847,0.379592859118401
602,1,0,0,0,1,0,0,0,0,0,0
603,494,291.903157575758,51.1679863636364,141.977976767677,1,0,0,0,0.487318160348424,0,0
604,717,417.825980059524,80.4258478174603,204.736163492063,1,0,0,0,0.470572011495207,0,0
605,9,4.142,1.394,3.459,1,0,0,0,0.305333333333333,0,0
606,6,3.5065,0.968,1.5265,1,0,0,0,0.423083333333333,0,0
607,1,0.468,0.247,0.285,1,0,0,0,0.221,0,0
608,1,0,0,0,1,0,0,0,0,0,0
609,1,0,0,0,1,0,0,0,0,0,0
610,1,0,0,0,1,0,0,0,0,0,0
611,1,0,0,0,1,0,0,0,0,0,0
612,1,0,0,0,1,0,0,0,0,0,0
613,1,0,0,0,1,0,0,0,0,0,0
614,1,0,0,0,1,0,0,0,0,0,0
615,1,0,0,0,1,0,0,0,0,0,0
616,1,0.399,0.2335,0.368,6,1.9755,0.4065,1.618,0.1655,0.2615,0.201974183750949
617,5,2.44666666666667,1.18533333333333,1.367,14,6.64411666666667,1.54653333333333,3.80908333333333,0.252266666666667,0.364113095238095,0.368245590710578
618,1,0,0,0,1,0,0,0,0,0,0
619,6,2.812,1.623,1.564,9,5.46,0.682,2.856,0.198166666666667,0.530888888888889,0.515018315018315
620,73,34.8423333333333,13.09095,25.0658833333333,92,44.5434333333333,12.16505,27.2890166666667,0.297964155251142,0.351938949275362,0.782210322060191
621,3676,1938.20261129426,731.438857473083,993.415831955544,1922,1049.90593806471,219.613132448107,546.577238247863,0.328281761104782,0.431994175659004,1.84607262519816
622,59,30.2312446236559,14.0997661290323,14.6770591397849,268,143.51709668568,26.9838715149944,78.4997441145968,0.273414889739384,0.434825467054796,0.210645597784535
623,43,20.3995,11.877,10.7231666666667,1,0.763,0.033,0.204,0.198197674418605,0.73,26.7359108781127
624,13,7.56016666666667,2.179,3.26366666666667,1,0,0,0,0.413935897435897,0,0
625,1877,979.907684619837,226.027996539583,647.00196055497,254,123.540521717172,29.7463042929293,82.7218801948052,0.401640750175948,0.369268572536387,7.93187264388599
626,81,40.9330179487179,13.8331286324786,25.2457799145299,224,116.819785714286,22.9037083333333,65.289255952381,0.334566534768387,0.419268202593537,0.350394564571713
627,152,71.71925,32.7369166666667,45.5518333333333,193,101.509125084175,19.831113973064,49.6689494949495,0.256462719298246,0.423202130109384,0.706530077375091
628,322,170.990441025641,65.3169474358974,84.7061961538462,524,298.907250721501,55.9631042568543,139.146173484848,0.328178551520943,0.463633867298944,0.57205183418236
629,58,27.8928333333333,15.1380833333333,13.9743333333333,8,2.5385,1.1998,2.2614,0.219909482758621,0.1673375,10.987919374959
630,30,14.5113333333333,5.93075,9.55725,1,0,0,0,0.286019444444444,0,0
631,34,16.2696666666667,7.26742857142857,8.46569047619048,1,0,0,0,0.264771708683473,0,0
632,50,26.6113227272727,9.55879090909091,13.8391363636364,147,71.9732416666667,17.6091333333333,43.4195083333333,0.341050636363636,0.369823866213152,0.369739115691344
633,102,54.3309,20.0998833333333,27.5681666666667,24,12.02585,2.13788333333333,5.83751666666667,0.335598202614379,0.411998611111111,4.51784281360569
634,63,33.5671825396825,11.1079087301587,18.3275198412698,203,103.843705555556,24.3682111111111,61.7851888888889,0.356496409674981,0.391504898741106,0.323247156484842
635,2243,1095.48746583694,462.897428174603,678.676206277056,3136,1755.18565583583,342.761416672217,820.162097563548,0.282028550005501,0.450390382386357,0.624143356114235
636,2485,1345.91637113997,440.197401984127,684.967815367965,2635,1472.67901414419,294.847548199023,736.541177314352,0.364474434267945,0.446994863736306,0.913923779868702
637,190,99.724425,34.7426833333333,51.5448,294,167.094233333333,35.4630333333333,81.4485416666667,0.342009166666667,0.447725170068027,0.596815479568714
638,112,56.0409523809524,10.2920880952381,36.6686571428571,78,43.043519047619,7.83075476190476,25.1264,0.40847200255102,0.451445695970696,1.30196028626178
639,1,0,0,0,1,0,0,0,0,0,0
640,2,1.216,0.233,0.55,1,0,0,0,0.4915,0,0
641,3,1.465,0.288,1.247,1,0,0,0,0.392333333333333,0,0
642,132,74.3494571428571,14.4086571428571,42.2415666666667,1,0,0,0,0.45409696969697,0,0
643,1,0,0,0,1,0,0,0,0,0,0
644,1,0,0,0,1,0,0,0,0,0,0
645,1,0,0,0,1,0,0,0,0,0,0
646,2,1.386,0.146,0.468,1,0,0,0,0.62,0,0
647,58,27.2496666666667,12.7648333333333,14.9865,25,11.7415,4.89833333333333,8.3615,0.249738505747126,0.273726666666667,2.32079944356911
648,1,0,0,0,2,0.955833333333333,0.19625,0.847916666666667,0,0.379791666666667,0
649,1,0,0,0,1,0,0,0,0,0,0
650,1,0,0,0,1,0,0,0,0,0,0
651,1,0,0,0,1,0,0,0,0,0,0
652,1,0,0,0,1,0,0,0,0,0,0
653,1,0,0,0,1,0,0,0,0,0,0
654,1,0,0,0,1,0,0,0,0,0,0
655,1,0,0,0,1,0,0,0,0,0,0
656,4,2.22766666666667,0.711,1.06333333333333,1,0,0,0,0.379166666666667,0,0
657,9,2.4745,0.5395,0.986,1,0,0,0,0.215,0,0
658,4,1.698,1.07,1.233,1,0,0,0,0.157,0,0
659,11,5.83633333333333,2.07383333333333,3.08916666666667,1,0,0,0,0.342045454545455,0,0
660,1,0.457666666666667,0.097,0.445333333333333,1,0,0,0,0.360666666666667,0,0
661,45,23.5608,8.4003,13.0394333333333,201,107.03105,26.0996583333333,50.86725,0.3369,0.402643739635158,0.220130513528551
662,109,55.4601666666667,21.9180357142857,29.6197142857143,256,114.74555,29.2578833333333,103.93305,0.307725972040192,0.333936197916667,0.483331742857711
663,32,16.4495714285714,5.145,10.4085714285714,118,53.4659166666667,15.8099166666667,37.7245,0.353267857142857,0.319118644067797,0.307664629246447
664,93,44.0959047619048,23.1229166666667,25.7878571428571,1,0,0,0,0.225516001024066,0,0
665,12,6.19736666666667,2.65866666666667,3.14786666666667,1,0,0,0,0.294891666666667,0,0
666,12,6.0165,2.601,3.3795,1,0.4865,0.098,0.4155,0.284625,0.3885,12.3669064748201
667,77,36.777,19.5064166666667,20.72375,91,47.1209142857143,14.4416761904762,26.4466095238095,0.22429329004329,0.359112506541078,0.780481460461597
668,35,17.5023333333333,8.41166666666667,9.092,10,4.72716666666667,1.1595,3.11266666666667,0.259733333333333,0.356766666666667,3.70249973557099
669,625,323.317681349206,112.55894077381,177.150699404762,37,17.3425833333333,6.781,10.8764166666667,0.337213984920635,0.285448198198198,18.642994249177
670,1462,755.354283520075,319.042463935574,379.648095004669,1,0,0,0,0.298434897116621,0,0
671,201,109.610564285714,21.8017857142857,52.6114166666667,1,0,0,0,0.436859594882729,0,0
672,40,24.4255,3.66316666666667,11.9113333333333,40,20.5351666666667,3.48441666666667,14.9705,0.519058333333333,0.42626875,1.18944737077047
673,45,23.375,7.41433333333333,14.2109166666667,926,476.592096428571,92.2099392857143,266.185967857143,0.354681481481481,0.415099521752546,0.049046134367659
674,4,1.975,0.9005,1.1245,7,3.96,0.519,1.521,0.268625,0.491571428571429,0.498737373737374
675,7,2.413,1.109,2.475,36,18.3700595238095,4.74590476190476,11.8848571428571,0.186285714285714,0.378448743386243,0.131355045250262
676,319,176.615102705628,37.0414143939394,99.3675888528139,639,349.712229100529,73.1548497354497,168.166210846561,0.437535073077393,0.432797150806071,0.505029815971513
677,27,11.9319166666667,3.00991666666667,8.05533333333333,1,0,0,0,0.330444444444444,0,0
678,5,3.205,0.452666666666667,1.34233333333333,1,0,0,0,0.550466666666667,0,0
679,2,0.94,0.542,0.517,1,0,0,0,0.199,0,0
680,12,6.23225,2.4205,3.34725,1,0,0,0,0.317645833333333,0,0
681,10,5.471,1.4565,3.075,1,0,0,0,0.40145,0,0
682,11,5.1545,1.415,3.4305,32,14.6716666666667,4.09516666666667,10.2293333333333,0.339954545454545,0.330515625,0.351323412473021
683,4,2.36,0.39,1.249,1,0,0,0,0.4925,0,0
684,25,13.3703333333333,2.80766666666667,7.8215,1,0,0,0,0.422506666666667,0,0
685,1,0,0,0,1,0,0,0,0,0,0
686,1,0.461,0.267,0.272,1,0,0,0,0.194,0,0
687,1,0.564,0.155,0.281,1,0,0,0,0.409,0,0
688,1,0,0,0,1,0,0,0,0,0,0
689,1,0,0,0,1,0,0,0,0,0,0
690,1,0,0,0,15,6.88949047619048,1.86218095238095,4.24723333333333,0,0.335153968253968,0
691,1,0,0,0,1,0,0,0,0,0,0
692,1,0,0,0,1,0,0,0,0,0,0
693,1,0,0,0,1,0,0,0,0,0,0
694,1,0,0,0,1,0,0,0,0,0,0
695,1,0,0,0,1,0,0,0,0,0,0
696,185,91.23745,43.3051,49.47345,73,36.5941333333333,6.93968333333333,22.4680833333333,0.259093783783784,0.406225342465753,2.49322614553881
697,16,7.1985,4.1905,4.6125,10,4.75066666666667,2.04833333333333,3.20166666666667,0.188,0.270233333333333,1.51526101599775
698,63,36.3656477272727,8.08102272727273,18.5630654761905,1,0,0,0,0.448962301587302,0,0
699,1,0.661,0.101,0.238,22,10.2998333333333,2.11541666666667,5.58633333333333,0.56,0.372018939393939,0.0641757957248499
700,1,0,0,0,1,0,0,0,0,0,0
701,92,46.1101666666667,21.1220166666667,23.7652166666667,57,29.2267777777778,5.31583333333333,15.4561666666667,0.271610326086957,0.419490253411306,1.57766850034785
702,254,125.747933333333,54.8832,71.3823666666667,620,299.361056349206,74.9548376984127,191.729991468254,0.27899501312336,0.361945513952893,0.420054414782154
703,64,35.4589166666667,11.4498416666667,17.096325,31,15.7845333333333,4.09483333333333,8.12283333333333,0.375141796875,0.377087096774194,2.2464342732126
704,135,81.2343166666667,19.8685666666667,33.9046166666667,1,0,0,0,0.454561111111111,0,0
705,112,59.7119380952381,20.4651404761905,30.8317976190476,301,137.5677,31.0661345238095,98.3767107142857,0.350417835884354,0.353825798924221,0.434054927829993
706,115,72.3395178571429,12.4640178571429,30.198619047619,67,28.8050320512821,16.2779358974359,18.9210256410256,0.52065652173913,0.186971584385764,2.51135002135584
707,2,0.941,0.2285,0.8305,1,0,0,0,0.35625,0,0
708,364,139.589383333333,47.96565,88.44395,1,0,0,0,0.251713553113553,0,0
709,3877,2000.60405485067,822.51165382937,1031.10233056195,1,0,0,0,0.303867010838612,0,0
710,2720,1400.823249112,579.987091477966,716.402618068043,1,0,0,0,0.301777999130159,0,0
711,121,70.3556666666667,14.32995,35.3593,1,0,0,0,0.463022451790634,0,0
712,73,36.086,11.14525,24.76525,232,109.887366666667,24.77755,69.3207166666667,0.341654109589041,0.366852658045977,0.328390797728947
713,5,2.717,0.728,1.553,1,0,0,0,0.3978,0,0
714,11,5.12916666666667,1.53683333333333,4.3365,70,36.8646,9.0682,18.0753666666667,0.326575757575758,0.397091428571429,0.139135286064861
715,4,2.246,0.7715,0.983,1,0,0,0,0.368625,0,0
716,257,148.164933333333,25.6630857142857,78.1869880952381,1,0,0,0,0.476660885677228,0,0
717,21,10.87175,3.05758333333333,6.06933333333333,1,0,0,0,0.372103174603175,0,0
718,1,0,0,0,1,0,0,0,0,0,0
719,1,0,0,0,1,0,0,0,0,0,0
720,1,0,0,0,1,0,0,0,0,0,0
721,4,1.9865,0.4435,1.569,9,3.35566666666667,0.776,1.86933333333333,0.38575,0.28662962962963,0.591983709148704
722,1,0,0,0,1,0,0,0,0,0,0
723,1,0,0,0,1,0,0,0,0,0,0
724,1,0,0,0,1,0,0,0,0,0,0
725,1,0,0,0,1,0,0,0,0,0,0
726,1,0,0,0,1,0,0,0,0,0,0
727,1,0,0,0,1,0,0,0,0,0,0
728,1,0,0,0,1,0,0,0,0,0,0
729,1,0,0,0,1,0,0,0,0,0,0
730,1,0,0,0,1,0,0,0,0,0,0
731,1,0,0,0,1,0,0,0,0,0,0
732,1,0,0,0,1,0,0,0,0,0,0
733,1,0.217,0.591,0.192,1,0,0,0,-0.374,0,0
734,14,8.00975,1.59175,4.39925,1,0,0,0,0.458428571428571,0,0
735,27,14.471,3.37716666666667,8.16,1,0,0,0,0.410882716049383,0,0
736,9,4.38333333333333,2.1635,2.45466666666667,3,1.9935,0.2765,0.731,0.246648148148148,0.572333333333333,2.19881280829362
737,1,0.615666666666667,0.0996666666666667,0.285,9,5.06,0.854166666666667,2.08733333333333,0.516,0.467314814814815,0.12167325428195
738,1,0,0,0,7,3.5395,0.781,1.68,0,0.394071428571429,0
739,12,6.2078,2.2964,3.4978,64,34.9318404761905,9.10047857142857,16.9713476190476,0.32595,0.403615029761905,0.177711792890822
740,138,68.8001452380952,28.0064666666667,38.1918047619048,1,0,0,0,0.295606366459627,0,0
741,3765,1902.46279816017,873.692073412698,978.987136652237,1,0,0,0,0.273245876426952,0,0
742,5379,2819.54206496048,1066.50114209351,1464.25036381513,190,111.281583333333,20.329425,52.3821773809524,0.325904614773559,0.478695570175439,25.3370052842869
743,5563,2872.95486571674,1191.03505991618,1481.24541171869,1760,991.665394803631,210.34688286514,490.029429635475,0.302340428869416,0.443930972692325,2.89710105925965
744,92,48.4809666666667,17.1043083333333,25.4181,872,452.310826190476,85.5240130952381,240.239063095238,0.341050634057971,0.420627079237658,0.107185068009516
745,5,3.2495,0.5155,1.2345,1,0,0,0,0.5468,0,0
746,6628,3455.15760152979,1388.67981826714,1747.29913510673,1,0,0,0,0.311779991439748,0,0
747,5723,2977.02470630497,1128.73772660558,1578.37522708501,1,0,0,0,0.322957710938212,0,0
748,1028,539.208191483516,211.353751373626,269.490217948718,1,0,0,0,0.31892455263608,0,0
749,1,0,0,0,1,0,0,0,0,0,0
750,1,0,0,0,1,0,0,0,0,0,0
751,2,0.809,0.474,0.717,21,11.437,2.331,6.23266666666667,0.1675,0.433619047619048,0.0707353326921395
752,1,0,0,0,1,0,0,0,0,0,0
753,1,0,0,0,1,0,0,0,0,0,0
754,1,0,0,0,1,0,0,0,0,0,0
755,1,0,0,0,1,0,0,0,0,0,0
756,1,0,0,0,1,0,0,0,0,0,0
757,1,0,0,0,1,0,0,0,0,0,0
758,1,0,0,0,1,0,0,0,0,0,0
759,1,0,0,0,1,0,0,0,0,0,0
760,50,27.10725,6.93483333333333,15.9648333333333,1,0,0,0,0.403448333333333,0,0
761,12,7.672,0.9955,3.332,1,0.674,0.042,0.285,0.556375,0.632,11.3827893175074
762,15,8.42706060606061,2.2020303030303,4.37339393939394,208,103.429975,25.0391448412698,62.5547611111111,0.41500202020202,0.376878991147741,0.0814759996418892
763,9,5.254,1.32933333333333,2.41833333333333,28,15.14325,3.4954,9.36298333333333,0.436074074074074,0.415994642857143,0.346953263004969
764,1,0.532,0.101,0.367,18,8.7786,2.0475,5.1739,0.431,0.37395,0.0606019183013237
765,2,0.8825,0.6975,0.421,14,6.894,2.30766666666667,3.8,0.0925,0.327595238095238,0.12800986364955
766,1956,1009.66195851371,389.73893459596,532.695719083694,40,21.7815833333333,5.34791666666667,11.8668888888889,0.316934061307643,0.410841666666667,46.3539285947398
767,4160,2133.16617357328,912.943159540939,1095.16992931441,1,0,0,0,0.293322839911621,0,0
768,9458,4884.37819194653,1901.93131634746,2621.23703793617,1461,835.116345699271,166.196506917632,396.803862376662,0.315335892958244,0.457850676784147,5.84873977991256
769,7566,3970.74972997687,1585.36520245664,1989.21833768027,2731,1478.80043127036,325.024134766704,773.131907133226,0.315276834195113,0.422473927683508,2.68511534485136
770,198,102.537445833333,39.5285994047619,55.9428761904762,276,154.865264285714,27.5278853174603,76.6168583333333,0.318226497113997,0.461367315102369,0.662107453897213
771,1176,603.270175396825,242.470184126984,320.325855555556,1857,1030.65141924603,209.916979563492,494.546681547619,0.306802713664831,0.441967926592644,0.585329010499151
772,3184,1634.79720695971,718.540537179487,818.926331623932,27,14.75225,3.64716666666667,8.60366666666667,0.287769054579215,0.411299382716049,110.816804688079
773,281,143.941704761905,60.9810928571429,74.0871285714286,3,1.459,0.103,0.438,0.295233494322996,0.452,98.6577825647051
774,1,0,0,0,1,0,0,0,0,0,0
775,1,0,0,0,1,0,0,0,0,0,0
776,1,0,0,0,1,0,0,0,0,0,0
777,1,0,0,0,1,0,0,0,0,0,0
778,1,0,0,0,1,0,0,0,0,0,0
779,1,0,0,0,1,0,0,0,0,0,0
780,7,2.813,0.666,2.522,1,0,0,0,0.306714285714286,0,0
781,1,0,0,0,1,0,0,0,0,0,0
782,40,22.0360138888889,4.55260555555556,13.4107527777778,1,0.607,0.036,0.357,0.437085208333333,0.571,36.303153029471
783,1,0,0,0,1,0,0,0,0,0,0
784,6,3.4634,1.0786,1.457,1,0,0,0,0.397466666666667,0,0
785,26,12.452,6.592,6.9525,1,0,0,0,0.225384615384615,0,0
786,877,444.089688095238,188.784830952381,239.149076190476,1,0,0,0,0.291111581690829,0,0
787,816,417.314499359138,167.244957471777,225.47700571471,44,22.6125,5.71491666666667,12.67175,0.306457771920786,0.384035984848485,18.4550359031128
788,1507,793.151407467533,304.048076623377,402.879945887446,1142,579.572865413651,137.925677975446,310.50856436426,0.3245543004938,0.386731337511563,1.36851025090943
789,790,408.129575702076,156.728677472527,223.19168962149,918,503.47969404331,109.110263722258,248.487238901099,0.318228985100694,0.429596329325764,0.810617747906568
790,4090,2069.24602111944,885.735607269952,1103.19012338939,4121,2314.22818049543,489.569753246753,1126.34666684704,0.289366849351952,0.442770790402494,0.894140879693398
791,681,360.667028571429,131.978760714286,187.376775,809,435.110475369075,97.3581867354867,221.558998548674,0.335812434445144,0.417493558261543,0.828909090882031
792,5,2.24,1.6145,1.1435,15,7.56316666666667,1.766,4.67066666666667,0.1251,0.386477777777778,0.296172238259988
793,1,0,0,0,1,0,0,0,0,0,0
794,1,0.592,0.092,0.316,1,0,0,0,0.5,0,0
795,1,0,0,0,1,0,0,0,0,0,0
796,7,4.06883333333333,0.977666666666667,1.95266666666667,1,0,0,0,0.441595238095238,0,0
797,8,4.1004,1.5107,2.3914,117,55.1286619047619,20.8513285714286,38.0013,0.3237125,0.292968660968661,0.0743787325562824
798,45,21.4846666666667,10.54325,11.9735,274,146.317935714286,32.417330952381,79.2708666666667,0.243142592592593,0.415695637817171,0.146835496016153
799,525,260.137528937729,107.251975152625,153.618128571429,526,280.637596248196,63.8365893217893,160.522406637807,0.291210578638293,0.412169214688987,0.926951814067218
800,151,80.0597222222222,28.1738888888889,41.7784555555556,348,188.035467490843,34.4329167582418,91.5348001831502,0.343614790286976,0.441386640036209,0.425769261993731
801,242,129.97556503268,41.3284210784314,66.7196810457516,822,430.943473809524,82.2106595238095,281.707309523809,0.366310512207638,0.424249165797706,0.301606992405989
802,60,31.579880952381,9.89107142857143,17.5300476190476,1,0,0,0,0.361480158730159,0,0
803,1,0,0,0,1,0,0,0,0,0,0
804,1,0,0,0,6,3.34825,0.9065,1.7465,0,0.406958333333333,0
805,37,16.8545666666667,7.9846,11.1595333333333,50,27.8125833333333,6.13575,14.048,0.239728828828829,0.433536666666667,0.606005075640223
806,155,77.5688294372294,34.4171455988456,42.0262245310245,40,22.9611944444444,4.35044444444444,12.6906111111111,0.278397960247638,0.46526875,3.37825759129868
807,26,14.2496333333333,3.84183333333333,7.90658333333333,1,0,0,0,0.4003,0,0
808,29,14.85025,6.0707297979798,8.08448611111111,1,0,0,0,0.302742075931731,0,0
